ID,stress_score
TEST_0000,0.4767421604810625
TEST_0001,0.4996080003219948
TEST_0002,0.19178336699971726
TEST_0003,0.46798682098055944
TEST_0004,0.596535161111102
TEST_0005,0.5511833168584929
TEST_0006,0.5083475306854093
TEST_0007,0.4303259148082032
TEST_0008,0.6007632550371417
TEST_0009,0.6980246436657673
TEST_0010,0.5452375428723106
TEST_0011,0.48269069576689166
TEST_0012,0.3849995087659183
TEST_0013,0.6140381910572994
TEST_0014,0.5495204323186392
TEST_0015,0.5516885117530003
TEST_0016,0.5481190672967288
TEST_0017,0.2838117727552472
TEST_0018,0.41416180274602227
TEST_0019,0.6635428215853871
TEST_0020,0.4457945878998212
TEST_0021,0.48628695113441217
TEST_0022,0.5091599353333452
TEST_0023,0.6214564806961854
TEST_0024,0.4978042278633412
TEST_0025,0.4507952496016014
TEST_0026,0.7205692920555267
TEST_0027,0.4817081642244993
TEST_0028,0.5223092061712342
TEST_0029,0.4295958543006999
TEST_0030,0.5002154781290791
TEST_0031,0.352512294296964
TEST_0032,0.3180356674500354
TEST_0033,0.5262591159670424
TEST_0034,0.5918369508776788
TEST_0035,0.7972841253085272
TEST_0036,0.5383775178739532
TEST_0037,0.4389133510779038
TEST_0038,0.4959490907435288
TEST_0039,0.3213808891758663
TEST_0040,0.4385266375151942
TEST_0041,0.4322014607450051
TEST_0042,0.48684120194726516
TEST_0043,0.41644114574383606
TEST_0044,0.3596701832368462
TEST_0045,0.6190262652956239
TEST_0046,0.4212501050773914
TEST_0047,0.40716571818098124
TEST_0048,0.3300191139196754
TEST_0049,0.6141995820182452
TEST_0050,0.5152209750550578
TEST_0051,0.5717894393654795
TEST_0052,0.5109554797528103
TEST_0053,0.5100120198772543
TEST_0054,0.3476910449114642
TEST_0055,0.44408143021112756
TEST_0056,0.4054247575591959
TEST_0057,0.530835335632161
TEST_0058,0.4563244290794278
TEST_0059,0.5067476700690917
TEST_0060,0.5576005737116121
TEST_0061,0.48708171828688573
TEST_0062,0.3715242781997652
TEST_0063,0.728847813925061
TEST_0064,0.5246234265695779
TEST_0065,0.5747625013854291
TEST_0066,0.46446865453273833
TEST_0067,0.4232406569059489
TEST_0068,0.5100406614522205
TEST_0069,0.4770243400106141
TEST_0070,0.48362838928550733
TEST_0071,0.5129570183996311
TEST_0072,0.4372048539014365
TEST_0073,0.5477547270016782
TEST_0074,0.5019714462503626
TEST_0075,0.3056101619434597
TEST_0076,0.3596063113773827
TEST_0077,0.43707610505067496
TEST_0078,0.37742209274416855
TEST_0079,0.5425820468522101
TEST_0080,0.41596727017530805
TEST_0081,0.30567329989634073
TEST_0082,0.3473360991163257
TEST_0083,0.464035420563883
TEST_0084,0.2562600203042632
TEST_0085,0.5546327024036359
TEST_0086,0.49448938170586604
TEST_0087,0.7032558618871674
TEST_0088,0.5000629519491077
TEST_0089,0.5248323240985181
TEST_0090,0.5625152306338206
TEST_0091,0.433794369031438
TEST_0092,0.7569227262938172
TEST_0093,0.354425635739172
TEST_0094,0.5469640572705339
TEST_0095,0.44597930800837265
TEST_0096,0.4435497610457313
TEST_0097,0.4143666037383034
TEST_0098,0.2661714743033777
TEST_0099,0.5084712306076755
TEST_0100,0.48622348183725095
TEST_0101,0.5408481649286999
TEST_0102,0.5327742707198618
TEST_0103,0.7016613906059511
TEST_0104,0.4341430514322212
TEST_0105,0.6806671506127847
TEST_0106,0.3607552278890135
TEST_0107,0.3803645822017764
TEST_0108,0.6162010717810382
TEST_0109,0.37114626344688345
TEST_0110,0.4448544736684944
TEST_0111,0.35333544472928247
TEST_0112,0.4264199408408175
TEST_0113,0.6913429922427763
TEST_0114,0.5505884391991627
TEST_0115,0.5958934957906173
TEST_0116,0.3852185114824961
TEST_0117,0.48125696253824635
TEST_0118,0.6682667115724665
TEST_0119,0.5396884668764552
TEST_0120,0.5097725936970294
TEST_0121,0.3654456661115553
TEST_0122,0.4538924407175431
TEST_0123,0.41388531521764
TEST_0124,0.34876823260153844
TEST_0125,0.45515964583263135
TEST_0126,0.4796046448490061
TEST_0127,0.40023697640881634
TEST_0128,0.49190471947080466
TEST_0129,0.36821734212920143
TEST_0130,0.4339855639787088
TEST_0131,0.5858059449429349
TEST_0132,0.45513219232543445
TEST_0133,0.4562383332578781
TEST_0134,0.48147431044996103
TEST_0135,0.5606321358839798
TEST_0136,0.3248739545169182
TEST_0137,0.6936189344848483
TEST_0138,0.2804183319103143
TEST_0139,0.33308377748197854
TEST_0140,0.42158370876305207
TEST_0141,0.6143752255826211
TEST_0142,0.47234838556663966
TEST_0143,0.4903774880757399
TEST_0144,0.5241594979454016
TEST_0145,0.5735898971044835
TEST_0146,0.5785206185106001
TEST_0147,0.32556494734626396
TEST_0148,0.39059328176330865
TEST_0149,0.4873036223327678
TEST_0150,0.5163667131941655
TEST_0151,0.5167018041129192
TEST_0152,0.6824813822665698
TEST_0153,0.441838954667085
TEST_0154,0.3964084999744607
TEST_0155,0.38849460118036705
TEST_0156,0.3797219807162163
TEST_0157,0.5709850713693732
TEST_0158,0.4023284842190096
TEST_0159,0.42781262175136203
TEST_0160,0.3250676444427023
TEST_0161,0.2894286417708639
TEST_0162,0.49728291724364737
TEST_0163,0.5600902092395577
TEST_0164,0.451558531573453
TEST_0165,0.5844568605869798
TEST_0166,0.4388106893324213
TEST_0167,0.5830484328865816
TEST_0168,0.3226896919135516
TEST_0169,0.4368448736723055
TEST_0170,0.6455601094719331
TEST_0171,0.772951719220083
TEST_0172,0.5840751679062459
TEST_0173,0.5756072067805807
TEST_0174,0.40657757979888065
TEST_0175,0.5077127681541223
TEST_0176,0.4907734437757449
TEST_0177,0.6322943012753073
TEST_0178,0.4496420884725959
TEST_0179,0.7359176261691855
TEST_0180,0.4655074237880684
TEST_0181,0.5565168600692676
TEST_0182,0.4006472569583751
TEST_0183,0.4809954370817512
TEST_0184,0.44553801749057104
TEST_0185,0.2201056104302379
TEST_0186,0.45484460133415927
TEST_0187,0.43105095511368974
TEST_0188,0.44110570368088675
TEST_0189,0.4269454283453653
TEST_0190,0.4669912522412789
TEST_0191,0.3974935397476154
TEST_0192,0.37763646147443
TEST_0193,0.44040387318758434
TEST_0194,0.5480168193834811
TEST_0195,0.5070694088194743
TEST_0196,0.3672344636999517
TEST_0197,0.2727063457624384
TEST_0198,0.5137126585723069
TEST_0199,0.4078056050967166
TEST_0200,0.48629682660641627
TEST_0201,0.44184474940840385
TEST_0202,0.5453434731391893
TEST_0203,0.465865216358359
TEST_0204,0.3328228827708958
TEST_0205,0.43195709338275395
TEST_0206,0.3971489677432136
TEST_0207,0.5206441683896692
TEST_0208,0.46062463389643105
TEST_0209,0.338145220673836
TEST_0210,0.3862258121643082
TEST_0211,0.5213433652094717
TEST_0212,0.625537104324958
TEST_0213,0.5836587793521554
TEST_0214,0.6793046172214905
TEST_0215,0.4924546396101096
TEST_0216,0.5509948973692294
TEST_0217,0.39043754823541665
TEST_0218,0.4279599781754627
TEST_0219,0.6007898733163299
TEST_0220,0.47695106171879303
TEST_0221,0.5369253227604466
TEST_0222,0.3417274840252742
TEST_0223,0.5124826073617468
TEST_0224,0.5534185541116217
TEST_0225,0.39760019259915436
TEST_0226,0.37152780513797207
TEST_0227,0.5314690166215146
TEST_0228,0.728071709603183
TEST_0229,0.3522318491983071
TEST_0230,0.5217184996074282
TEST_0231,0.4405663612321613
TEST_0232,0.4829760154579999
TEST_0233,0.5561916670818651
TEST_0234,0.5100507849014406
TEST_0235,0.6482164757705592
TEST_0236,0.4568478366870646
TEST_0237,0.4750545351444581
TEST_0238,0.3711027112069407
TEST_0239,0.5565705011660915
TEST_0240,0.4373071432476071
TEST_0241,0.46153832789991367
TEST_0242,0.5247882495904922
TEST_0243,0.5685900042378649
TEST_0244,0.6201402342967695
TEST_0245,0.5731088082340244
TEST_0246,0.38856840955766725
TEST_0247,0.5615221959582914
TEST_0248,0.4982490987007545
TEST_0249,0.5086403989512392
TEST_0250,0.23662908194165483
TEST_0251,0.4963944195450243
TEST_0252,0.5760051101514478
TEST_0253,0.4431616744742674
TEST_0254,0.4055379025664243
TEST_0255,0.47280453835438724
TEST_0256,0.3629781415892538
TEST_0257,0.6491471332471952
TEST_0258,0.5963978827746805
TEST_0259,0.3547131128064873
TEST_0260,0.4916527047668037
TEST_0261,0.6085682253695006
TEST_0262,0.6762450434455503
TEST_0263,0.7401751222311
TEST_0264,0.35129400862603355
TEST_0265,0.404160606547114
TEST_0266,0.3381988499387294
TEST_0267,0.2969487697605729
TEST_0268,0.45769696717135266
TEST_0269,0.5227104809783885
TEST_0270,0.2616317955798612
TEST_0271,0.4183069440113231
TEST_0272,0.7576209958196356
TEST_0273,0.4380741561192932
TEST_0274,0.5491239603272285
TEST_0275,0.4163599150650502
TEST_0276,0.43732882547705665
TEST_0277,0.5988593003351139
TEST_0278,0.48442918374408195
TEST_0279,0.5398996846366229
TEST_0280,0.5559162215305549
TEST_0281,0.4208895299648967
TEST_0282,0.406264770066043
TEST_0283,0.5108641340297897
TEST_0284,0.4736676124731425
TEST_0285,0.5672017047477526
TEST_0286,0.6021754562492881
TEST_0287,0.4442811198481815
TEST_0288,0.2996189440912032
TEST_0289,0.3055318764429976
TEST_0290,0.6224278274561479
TEST_0291,0.5503354902039272
TEST_0292,0.6235081167008806
TEST_0293,0.46963250121142086
TEST_0294,0.6608729732522273
TEST_0295,0.4886709881089877
TEST_0296,0.3134315200371214
TEST_0297,0.45602769969599133
TEST_0298,0.5395901947523968
TEST_0299,0.4949381543926855
TEST_0300,0.48093025153516367
TEST_0301,0.6352941079120715
TEST_0302,0.4103448560494812
TEST_0303,0.3410435061546748
TEST_0304,0.4656971251182873
TEST_0305,0.3874041902179364
TEST_0306,0.5906406222376488
TEST_0307,0.540857915494874
TEST_0308,0.4282547221522627
TEST_0309,0.35699646594544077
TEST_0310,0.2893094752775658
TEST_0311,0.3033982993213391
TEST_0312,0.6349031887784681
TEST_0313,0.43042966240936187
TEST_0314,0.4918780673843078
TEST_0315,0.5205337969769968
TEST_0316,0.35886322015080563
TEST_0317,0.41030116238859116
TEST_0318,0.5839493426111405
TEST_0319,0.6625139473828792
TEST_0320,0.5869164305703352
TEST_0321,0.5097788866087902
TEST_0322,0.5668354816864146
TEST_0323,0.5506766669308871
TEST_0324,0.6362423942479936
TEST_0325,0.3730525696998418
TEST_0326,0.4098105141510358
TEST_0327,0.4796155342981995
TEST_0328,0.618540349451321
TEST_0329,0.4205702038082142
TEST_0330,0.6789755306238701
TEST_0331,0.40756310149254565
TEST_0332,0.4878474494111805
TEST_0333,0.41132351777648746
TEST_0334,0.5475517518394959
TEST_0335,0.5090049116496895
TEST_0336,0.6043583080039341
TEST_0337,0.3699839131228354
TEST_0338,0.6871694139551252
TEST_0339,0.49095057084242805
TEST_0340,0.4757718373137807
TEST_0341,0.42497771729000317
TEST_0342,0.44799987588261847
TEST_0343,0.3490507278304765
TEST_0344,0.3443643607428575
TEST_0345,0.7164749645596555
TEST_0346,0.4472673741803175
TEST_0347,0.6334111720340014
TEST_0348,0.5591304932808601
TEST_0349,0.47231472381048345
TEST_0350,0.5539517267914632
TEST_0351,0.4929926848679564
TEST_0352,0.4311992358113754
TEST_0353,0.509863221635015
TEST_0354,0.3691133168177649
TEST_0355,0.5771083097282939
TEST_0356,0.47720482056746744
TEST_0357,0.4764588671439204
TEST_0358,0.4569201370465304
TEST_0359,0.5703968095269597
TEST_0360,0.6311342733800761
TEST_0361,0.6821160008354961
TEST_0362,0.518989970376829
TEST_0363,0.501343345579545
TEST_0364,0.36851405248846864
TEST_0365,0.5217505158406979
TEST_0366,0.4612392173959858
TEST_0367,0.4983087876124924
TEST_0368,0.5035334318501322
TEST_0369,0.48586435774029857
TEST_0370,0.3363366704105196
TEST_0371,0.3741588728590639
TEST_0372,0.43615072163594687
TEST_0373,0.4864699878694834
TEST_0374,0.5276859022366318
TEST_0375,0.40214099832205474
TEST_0376,0.48811262119346654
TEST_0377,0.3297193540724489
TEST_0378,0.4547407502287603
TEST_0379,0.4276049482611539
TEST_0380,0.41579571509051033
TEST_0381,0.44442555755137103
TEST_0382,0.33722157570771477
TEST_0383,0.6159996964986945
TEST_0384,0.37090688701147395
TEST_0385,0.42645605364713723
TEST_0386,0.5270512439677669
TEST_0387,0.6274267868181176
TEST_0388,0.41520884114432743
TEST_0389,0.44946907311460443
TEST_0390,0.4813057501916792
TEST_0391,0.47437989883072534
TEST_0392,0.28266218204311166
TEST_0393,0.27159248228330574
TEST_0394,0.28376323976267637
TEST_0395,0.5268592524938446
TEST_0396,0.42534417521839873
TEST_0397,0.4811553309248095
TEST_0398,0.3172176592569409
TEST_0399,0.6062273940023437
TEST_0400,0.4349999703269018
TEST_0401,0.5542120417177625
TEST_0402,0.3815885237455872
TEST_0403,0.5187465124699049
TEST_0404,0.46800889552313585
TEST_0405,0.443988693182486
TEST_0406,0.5488369003293733
TEST_0407,0.45367063851370815
TEST_0408,0.6331728108982494
TEST_0409,0.4938022789462115
TEST_0410,0.2616003892239519
TEST_0411,0.7053504952713305
TEST_0412,0.2702526834651076
TEST_0413,0.45745372626257297
TEST_0414,0.5736897949667216
TEST_0415,0.5346248626992427
TEST_0416,0.5460923180260486
TEST_0417,0.4650841778133561
TEST_0418,0.3831909111990458
TEST_0419,0.5530564282193613
TEST_0420,0.46788208947157706
TEST_0421,0.6016817579054882
TEST_0422,0.42404161604127577
TEST_0423,0.47149897644863153
TEST_0424,0.5859876849312099
TEST_0425,0.6527921209466903
TEST_0426,0.6097741219757509
TEST_0427,0.3704285341281494
TEST_0428,0.3603736449216115
TEST_0429,0.6918347438661588
TEST_0430,0.3835739774365883
TEST_0431,0.49724886666526724
TEST_0432,0.28046348576924063
TEST_0433,0.396990996969003
TEST_0434,0.5620767683574336
TEST_0435,0.4347061426167831
TEST_0436,0.3399005146310107
TEST_0437,0.46328979114119756
TEST_0438,0.22158791663143468
TEST_0439,0.4294345075190059
TEST_0440,0.5193990835690286
TEST_0441,0.5906752782590596
TEST_0442,0.518230121336903
TEST_0443,0.5192280990508616
TEST_0444,0.4002860994901094
TEST_0445,0.37506011749264506
TEST_0446,0.4240163801587352
TEST_0447,0.6066245575449181
TEST_0448,0.565677847527247
TEST_0449,0.44324377814576293
TEST_0450,0.4158361043422798
TEST_0451,0.41658248479259785
TEST_0452,0.4430893171303802
TEST_0453,0.5424961188346796
TEST_0454,0.45544247168757357
TEST_0455,0.4024189152359371
TEST_0456,0.6854738581165134
TEST_0457,0.36920198515910524
TEST_0458,0.5001413671371523
TEST_0459,0.3496770499691327
TEST_0460,0.7470323077872563
TEST_0461,0.40454924093479794
TEST_0462,0.4065631009978353
TEST_0463,0.5734644539508663
TEST_0464,0.3761931512297685
TEST_0465,0.5839195866359461
TEST_0466,0.322625520568204
TEST_0467,0.5888830514181222
TEST_0468,0.4450797681338935
TEST_0469,0.5087845953771122
TEST_0470,0.48211254558043526
TEST_0471,0.5242882232220293
TEST_0472,0.32840575377158976
TEST_0473,0.6718703987676165
TEST_0474,0.5382669158687918
TEST_0475,0.34123257560551123
TEST_0476,0.7281760202290743
TEST_0477,0.48897954120530945
TEST_0478,0.3708045252723712
TEST_0479,0.4467103439509251
TEST_0480,0.5789236022024215
TEST_0481,0.2682719414578894
TEST_0482,0.29699482833382196
TEST_0483,0.48656623591882253
TEST_0484,0.3863500476640406
TEST_0485,0.6862471616820175
TEST_0486,0.37877033910735924
TEST_0487,0.5975263114483278
TEST_0488,0.5322308013726965
TEST_0489,0.4530864819505744
TEST_0490,0.7238888849511697
TEST_0491,0.386292823760926
TEST_0492,0.5251302034275654
TEST_0493,0.325872226153481
TEST_0494,0.49035337267281953
TEST_0495,0.40160933404569316
TEST_0496,0.40877939819693077
TEST_0497,0.5142488260828675
TEST_0498,0.5020035166913008
TEST_0499,0.41271869989394566
TEST_0500,0.4923449556469093
TEST_0501,0.4988214617143819
TEST_0502,0.40606088598493395
TEST_0503,0.4975753073320719
TEST_0504,0.5700125161674119
TEST_0505,0.3078896842052239
TEST_0506,0.540039880667192
TEST_0507,0.4008569843832135
TEST_0508,0.4850993919769417
TEST_0509,0.3570563041689519
TEST_0510,0.602285455816709
TEST_0511,0.3938522186600695
TEST_0512,0.6009231627777059
TEST_0513,0.5817341614239806
TEST_0514,0.36788272188594523
TEST_0515,0.4189430793025901
TEST_0516,0.5835503811213866
TEST_0517,0.2073411423034502
TEST_0518,0.4681503536065562
TEST_0519,0.34213965891283654
TEST_0520,0.3425008649788623
TEST_0521,0.30743312551291874
TEST_0522,0.4772136377473045
TEST_0523,0.5082144616105225
TEST_0524,0.440487734435295
TEST_0525,0.39654881953923576
TEST_0526,0.3235790419135506
TEST_0527,0.620351755499669
TEST_0528,0.45691706629361745
TEST_0529,0.4016578234966483
TEST_0530,0.6726363015397219
TEST_0531,0.6272638506361708
TEST_0532,0.4136846228829326
TEST_0533,0.4784649953525092
TEST_0534,0.5202741681429958
TEST_0535,0.5210217882177632
TEST_0536,0.5701229277639868
TEST_0537,0.44322255946306754
TEST_0538,0.5125154660182044
TEST_0539,0.517203042390148
TEST_0540,0.5547428424690249
TEST_0541,0.489262147696085
TEST_0542,0.5572735413855379
TEST_0543,0.4911609307372601
TEST_0544,0.387512749489186
TEST_0545,0.5077787054821558
TEST_0546,0.181158336901121
TEST_0547,0.49399293286409457
TEST_0548,0.46495065083284626
TEST_0549,0.6113668629958936
TEST_0550,0.4091302487223687
TEST_0551,0.42576436477416796
TEST_0552,0.23066266087960555
TEST_0553,0.5259535160010926
TEST_0554,0.462757815449242
TEST_0555,0.41804042256715024
TEST_0556,0.3691330566779115
TEST_0557,0.3955066147304971
TEST_0558,0.5557495148658274
TEST_0559,0.42159844815506353
TEST_0560,0.5432679490832634
TEST_0561,0.5744609488074224
TEST_0562,0.3322658353495972
TEST_0563,0.4594985362857381
TEST_0564,0.572093180379822
TEST_0565,0.4787505626178149
TEST_0566,0.4387120092090784
TEST_0567,0.41256892961223357
TEST_0568,0.5610338738657554
TEST_0569,0.37445415583959824
TEST_0570,0.6955571395514877
TEST_0571,0.4278627519727171
TEST_0572,0.5018500801726344
TEST_0573,0.6540343464465842
TEST_0574,0.30939794833713635
TEST_0575,0.4567558678635931
TEST_0576,0.761751131549034
TEST_0577,0.33202281679068457
TEST_0578,0.5197987544147509
TEST_0579,0.47393950656826433
TEST_0580,0.4315925478836587
TEST_0581,0.7283520553350427
TEST_0582,0.35192387748958637
TEST_0583,0.39289885933405533
TEST_0584,0.652053861992101
TEST_0585,0.4518108792026443
TEST_0586,0.46740410978046176
TEST_0587,0.5030998439715773
TEST_0588,0.566471020890091
TEST_0589,0.44796645386874
TEST_0590,0.450249566256543
TEST_0591,0.37270299117722216
TEST_0592,0.6516391164945123
TEST_0593,0.5526201875799271
TEST_0594,0.3989196923090438
TEST_0595,0.5611958785062574
TEST_0596,0.47485956853710815
TEST_0597,0.41701505204321376
TEST_0598,0.5336485817580947
TEST_0599,0.4875094102170525
TEST_0600,0.25243989580663445
TEST_0601,0.45150091061201114
TEST_0602,0.4226024342030963
TEST_0603,0.27062738711582973
TEST_0604,0.5818899803565422
TEST_0605,0.3627861590546838
TEST_0606,0.4853353595397395
TEST_0607,0.5710207302307638
TEST_0608,0.3314202051707722
TEST_0609,0.5818012110884003
TEST_0610,0.6128533547071926
TEST_0611,0.4203929089995724
TEST_0612,0.5110614614364075
TEST_0613,0.3755112432392394
TEST_0614,0.4993649212460569
TEST_0615,0.5262818696438007
TEST_0616,0.5144633656651435
TEST_0617,0.5171927539520993
TEST_0618,0.6203050079554667
TEST_0619,0.6171170747902328
TEST_0620,0.7378798891437048
TEST_0621,0.4181869413118923
TEST_0622,0.3337350665985258
TEST_0623,0.6831321823321861
TEST_0624,0.4710216223169068
TEST_0625,0.42274426574762153
TEST_0626,0.4097570838868225
TEST_0627,0.4702932500934995
TEST_0628,0.44289948468341866
TEST_0629,0.32539059002923026
TEST_0630,0.43021379884187083
TEST_0631,0.5197545687022351
TEST_0632,0.6601252444992483
TEST_0633,0.515258110249769
TEST_0634,0.4187709184327677
TEST_0635,0.4050759155479131
TEST_0636,0.44424464307468825
TEST_0637,0.43669589134893283
TEST_0638,0.5261107097426683
TEST_0639,0.5765797783626122
TEST_0640,0.5205915796819187
TEST_0641,0.5950920093712431
TEST_0642,0.399153991498465
TEST_0643,0.6639685437678939
TEST_0644,0.5452063507608134
TEST_0645,0.6136852501427367
TEST_0646,0.40305495881459813
TEST_0647,0.4316204533841682
TEST_0648,0.4357868292145015
TEST_0649,0.41265105310328404
TEST_0650,0.4355259685062145
TEST_0651,0.4802574601349528
TEST_0652,0.42045378662072463
TEST_0653,0.48681096753201136
TEST_0654,0.45376008186009237
TEST_0655,0.4590632455136492
TEST_0656,0.5320651145005046
TEST_0657,0.6692437179993036
TEST_0658,0.3255219291937025
TEST_0659,0.4862922873107695
TEST_0660,0.37553727694799627
TEST_0661,0.49366301534647733
TEST_0662,0.4584828099427777
TEST_0663,0.5994335501797062
TEST_0664,0.5204257123495084
TEST_0665,0.4608178939563178
TEST_0666,0.3602976915960458
TEST_0667,0.4956667349334376
TEST_0668,0.5945098037503572
TEST_0669,0.5061832683851035
TEST_0670,0.42115731505437615
TEST_0671,0.5026819796648366
TEST_0672,0.3460578757214681
TEST_0673,0.4420645093243786
TEST_0674,0.4025701325645983
TEST_0675,0.6005977884970342
TEST_0676,0.5489765579748324
TEST_0677,0.4587016610141854
TEST_0678,0.5585520826404637
TEST_0679,0.315778687877466
TEST_0680,0.39485392491640203
TEST_0681,0.7000545781064618
TEST_0682,0.6993078443854517
TEST_0683,0.48092408305997814
TEST_0684,0.3297565029656435
TEST_0685,0.35442069588117164
TEST_0686,0.4683070814260706
TEST_0687,0.712022479258541
TEST_0688,0.4639826747975123
TEST_0689,0.45071315273205576
TEST_0690,0.4871851705872986
TEST_0691,0.41007871556482534
TEST_0692,0.42496566524063073
TEST_0693,0.5763243961078848
TEST_0694,0.5786075443211134
TEST_0695,0.4777400800635775
TEST_0696,0.36111450226059394
TEST_0697,0.5400837540126112
TEST_0698,0.41039408374962427
TEST_0699,0.3666819013547954
TEST_0700,0.4647457569249396
TEST_0701,0.665129272948927
TEST_0702,0.45509271696999704
TEST_0703,0.7434875349060412
TEST_0704,0.4042505378227851
TEST_0705,0.5485344585681808
TEST_0706,0.517115540888362
TEST_0707,0.5155742820436734
TEST_0708,0.5622892883029212
TEST_0709,0.39864049389876083
TEST_0710,0.4448120667755987
TEST_0711,0.37322970997452953
TEST_0712,0.6474909980409652
TEST_0713,0.51316953177971
TEST_0714,0.4877513397777531
TEST_0715,0.5492741142086436
TEST_0716,0.4638321137045129
TEST_0717,0.4857324933846288
TEST_0718,0.509325813956651
TEST_0719,0.47450494081345174
TEST_0720,0.4466126692785965
TEST_0721,0.46983315984943474
TEST_0722,0.5532028958135022
TEST_0723,0.559344626532796
TEST_0724,0.38193903792039463
TEST_0725,0.4680221356974368
TEST_0726,0.3699827613935092
TEST_0727,0.5129763891213136
TEST_0728,0.457390458208933
TEST_0729,0.5545527457837833
TEST_0730,0.5533633459507019
TEST_0731,0.3916855782290317
TEST_0732,0.43755946829650594
TEST_0733,0.4785617426487837
TEST_0734,0.5391003909018861
TEST_0735,0.40738579922129753
TEST_0736,0.5196415295677842
TEST_0737,0.3881594153605038
TEST_0738,0.514881906722403
TEST_0739,0.514004691808407
TEST_0740,0.5096606759071458
TEST_0741,0.327010294118388
TEST_0742,0.49520278806993934
TEST_0743,0.3232002589923826
TEST_0744,0.49809435476748065
TEST_0745,0.35044664841130835
TEST_0746,0.4608288660281857
TEST_0747,0.39132307217780227
TEST_0748,0.44883636506051316
TEST_0749,0.4775925058555885
TEST_0750,0.4681503536065562
TEST_0751,0.422951630461228
TEST_0752,0.5626245819398752
TEST_0753,0.516428803502609
TEST_0754,0.4638735083416515
TEST_0755,0.5220096001836683
TEST_0756,0.4609340227082215
TEST_0757,0.46558091503290594
TEST_0758,0.4427546586882433
TEST_0759,0.3374704418815079
TEST_0760,0.5992218178310136
TEST_0761,0.5190968463590304
TEST_0762,0.35608594541013827
TEST_0763,0.6522306317193667
TEST_0764,0.493987302129444
TEST_0765,0.49153785338127953
TEST_0766,0.49409800290063555
TEST_0767,0.35641839392174524
TEST_0768,0.40754957979337225
TEST_0769,0.44317087661790744
TEST_0770,0.5489419554953333
TEST_0771,0.6537679392590119
TEST_0772,0.3914476067010707
TEST_0773,0.5281992764341212
TEST_0774,0.42771757089185736
TEST_0775,0.4151555054592533
TEST_0776,0.686591215268156
TEST_0777,0.3786837991667397
TEST_0778,0.5320739063880382
TEST_0779,0.5135837394629498
TEST_0780,0.41630868420971956
TEST_0781,0.4625073619561876
TEST_0782,0.4244231568763972
TEST_0783,0.5817485258697215
TEST_0784,0.4562387305674739
TEST_0785,0.6244590423953997
TEST_0786,0.5551494071737803
TEST_0787,0.48561286757798006
TEST_0788,0.4143157047454994
TEST_0789,0.5363013038089964
TEST_0790,0.5044443728702402
TEST_0791,0.37435687936895706
TEST_0792,0.39374393137533714
TEST_0793,0.5587174894765543
TEST_0794,0.6252039182259739
TEST_0795,0.5814026377440654
TEST_0796,0.5217907058330316
TEST_0797,0.4347282191161653
TEST_0798,0.5347314025569359
TEST_0799,0.49999403394002384
TEST_0800,0.39598128755925865
TEST_0801,0.2891360578328439
TEST_0802,0.45829259288134727
TEST_0803,0.35179065296196865
TEST_0804,0.6506351456779317
TEST_0805,0.4294031528919064
TEST_0806,0.6202750539313883
TEST_0807,0.5738822481776804
TEST_0808,0.6052321718900867
TEST_0809,0.45458616043471967
TEST_0810,0.8725776876826474
TEST_0811,0.6360898566046312
TEST_0812,0.4228751177038181
TEST_0813,0.430917800877505
TEST_0814,0.5002693564128973
TEST_0815,0.4272606550043979
TEST_0816,0.49957121602381543
TEST_0817,0.6883884814018296
TEST_0818,0.533734819480314
TEST_0819,0.5852657345487136
TEST_0820,0.5625872013110956
TEST_0821,0.4920129048834587
TEST_0822,0.4538597326052723
TEST_0823,0.4548764626838019
TEST_0824,0.5516479216615381
TEST_0825,0.6479980748490698
TEST_0826,0.44472593508311575
TEST_0827,0.5549703001085343
TEST_0828,0.5770976419270375
TEST_0829,0.44426041940706973
TEST_0830,0.342760612932479
TEST_0831,0.4672504779340315
TEST_0832,0.42354611796944214
TEST_0833,0.2784748123956422
TEST_0834,0.5599120772607706
TEST_0835,0.5348560187607019
TEST_0836,0.5780248393941899
TEST_0837,0.5976643111235329
TEST_0838,0.36157298788029296
TEST_0839,0.4176590395212554
TEST_0840,0.578065893664079
TEST_0841,0.36365920432133303
TEST_0842,0.5385713759756282
TEST_0843,0.2317606744805054
TEST_0844,0.4384026473994751
TEST_0845,0.34369458927079277
TEST_0846,0.4668794339281318
TEST_0847,0.4657677931947747
TEST_0848,0.312060147886286
TEST_0849,0.4248278013481971
TEST_0850,0.3966387939838107
TEST_0851,0.5908172933206224
TEST_0852,0.6155999182638703
TEST_0853,0.42824339661253896
TEST_0854,0.5125453801528675
TEST_0855,0.4855374736729495
TEST_0856,0.39433691164200035
TEST_0857,0.5043676432335333
TEST_0858,0.46010742356783974
TEST_0859,0.5164890694960508
TEST_0860,0.5866392733553668
TEST_0861,0.4497764120767082
TEST_0862,0.5600044064433461
TEST_0863,0.49340852084098996
TEST_0864,0.5339238289618317
TEST_0865,0.6969838366200747
TEST_0866,0.39808315732747085
TEST_0867,0.28722219628992196
TEST_0868,0.46074616397671597
TEST_0869,0.2443640138139798
TEST_0870,0.4184736088709783
TEST_0871,0.5291805312586764
TEST_0872,0.5357732434683241
TEST_0873,0.24153470548449257
TEST_0874,0.33989506802328473
TEST_0875,0.48484392415969135
TEST_0876,0.4234160952683713
TEST_0877,0.3269468623933317
TEST_0878,0.5931042336526312
TEST_0879,0.384073123355525
TEST_0880,0.25618577968364037
TEST_0881,0.5490688214587226
TEST_0882,0.5472330609889684
TEST_0883,0.35436104969058857
TEST_0884,0.2688087058176224
TEST_0885,0.5008453608903718
TEST_0886,0.43198147713832
TEST_0887,0.5276292133226133
TEST_0888,0.3068526061785686
TEST_0889,0.3914176088341992
TEST_0890,0.4763166622700198
TEST_0891,0.33451741333360413
TEST_0892,0.5374436379757627
TEST_0893,0.3432542493705381
TEST_0894,0.5976799475173633
TEST_0895,0.6469426324365228
TEST_0896,0.3519461282794447
TEST_0897,0.6250755901880002
TEST_0898,0.6606760299884236
TEST_0899,0.6606306735040881
TEST_0900,0.46906807419607965
TEST_0901,0.6643786907578313
TEST_0902,0.3446249769158929
TEST_0903,0.4683965929051952
TEST_0904,0.5306329984984955
TEST_0905,0.6179491926164873
TEST_0906,0.5165739498904254
TEST_0907,0.5118192570632577
TEST_0908,0.582667724833596
TEST_0909,0.6955872058712281
TEST_0910,0.7368688608210976
TEST_0911,0.4201641330564062
TEST_0912,0.498391486284921
TEST_0913,0.509531634250748
TEST_0914,0.5165693075676457
TEST_0915,0.5404723596702232
TEST_0916,0.47700180407235976
TEST_0917,0.4249755515695142
TEST_0918,0.38091178448240187
TEST_0919,0.4075248892503984
TEST_0920,0.5148732916293604
TEST_0921,0.43943290928603207
TEST_0922,0.47986612561992836
TEST_0923,0.7884667965840728
TEST_0924,0.5661451217887891
TEST_0925,0.4983213076584674
TEST_0926,0.5105299283592764
TEST_0927,0.6074583294420798
TEST_0928,0.5641151357783453
TEST_0929,0.46693902481080674
TEST_0930,0.41283467649895145
TEST_0931,0.6857562980507117
TEST_0932,0.3030866261679107
TEST_0933,0.41949875242905704
TEST_0934,0.6640755686987748
TEST_0935,0.38136899330403123
TEST_0936,0.3928465773295785
TEST_0937,0.4606949553810461
TEST_0938,0.4452502467670327
TEST_0939,0.434424777044335
TEST_0940,0.4521523879487325
TEST_0941,0.37653014170559795
TEST_0942,0.4801536202934616
TEST_0943,0.4730433217410788
TEST_0944,0.47077835066207707
TEST_0945,0.7018813628594603
TEST_0946,0.6226990618722082
TEST_0947,0.39216525410807634
TEST_0948,0.5582301571226376
TEST_0949,0.5321684037666968
TEST_0950,0.5033977529032538
TEST_0951,0.3474220874139731
TEST_0952,0.48661363524642454
TEST_0953,0.7759964632233225
TEST_0954,0.5390981517358574
TEST_0955,0.46993337726285084
TEST_0956,0.2905268768815821
TEST_0957,0.41152522786004264
TEST_0958,0.6301430017233316
TEST_0959,0.6468027099544774
TEST_0960,0.4452168841290136
TEST_0961,0.4258163976357271
TEST_0962,0.5774549293952358
TEST_0963,0.4872450508714662
TEST_0964,0.48327749304829454
TEST_0965,0.620497273351393
TEST_0966,0.3000402743528657
TEST_0967,0.5620529801693435
TEST_0968,0.6382056901489709
TEST_0969,0.5400537487113742
TEST_0970,0.454959800852216
TEST_0971,0.4516850356507017
TEST_0972,0.40849236156151875
TEST_0973,0.38297912213164503
TEST_0974,0.512185159672494
TEST_0975,0.4785352919240148
TEST_0976,0.41776770505015903
TEST_0977,0.4253068443791508
TEST_0978,0.4304180579856896
TEST_0979,0.4772870324337841
TEST_0980,0.4290142654990726
TEST_0981,0.32217371998790817
TEST_0982,0.4630799765151067
TEST_0983,0.3510166881705039
TEST_0984,0.44797675792341085
TEST_0985,0.5384180218542269
TEST_0986,0.47086103320499983
TEST_0987,0.3100159288765537
TEST_0988,0.4689785732025532
TEST_0989,0.43633481087837217
TEST_0990,0.7626646786125864
TEST_0991,0.41997083921420963
TEST_0992,0.6460074781457578
TEST_0993,0.39305862024844374
TEST_0994,0.5458830850731248
TEST_0995,0.5481396925372326
TEST_0996,0.2631239661108078
TEST_0997,0.37573036778096003
TEST_0998,0.509332867712404
TEST_0999,0.5287114507123888
TEST_1000,0.5494853934872267
TEST_1001,0.5420290892813677
TEST_1002,0.4935912971583944
TEST_1003,0.39188243989858135
TEST_1004,0.5473368519262757
TEST_1005,0.4820021052837172
TEST_1006,0.48318266490755424
TEST_1007,0.3556154156149003
TEST_1008,0.5036137489382084
TEST_1009,0.2725667061566741
TEST_1010,0.4733828234672899
TEST_1011,0.29860358045556357
TEST_1012,0.45148233028042234
TEST_1013,0.45301322146295253
TEST_1014,0.5099211044264076
TEST_1015,0.40655926860513253
TEST_1016,0.3948628103516617
TEST_1017,0.42755494933072224
TEST_1018,0.5341977502708687
TEST_1019,0.4270944404472812
TEST_1020,0.31501599990668333
TEST_1021,0.2996928705131596
TEST_1022,0.3859087406453154
TEST_1023,0.5967593253925227
TEST_1024,0.4399053175346099
TEST_1025,0.45137458220781296
TEST_1026,0.6383263641775923
TEST_1027,0.665303581497833
TEST_1028,0.45001788813222976
TEST_1029,0.6092641372557349
TEST_1030,0.6182849100660698
TEST_1031,0.47138040437783657
TEST_1032,0.4502550625422018
TEST_1033,0.5556178674362995
TEST_1034,0.5780279058444878
TEST_1035,0.45763720348701953
TEST_1036,0.5875437537098026
TEST_1037,0.6895822345276481
TEST_1038,0.4350513961953465
TEST_1039,0.5028297310970559
TEST_1040,0.44029664054117074
TEST_1041,0.5038949991786513
TEST_1042,0.44597454879305093
TEST_1043,0.41374317202428773
TEST_1044,0.736258428704069
TEST_1045,0.5584659422659118
TEST_1046,0.3673426361529145
TEST_1047,0.4728859028319188
TEST_1048,0.5667566266721907
TEST_1049,0.5082711092408566
TEST_1050,0.5426785748799081
TEST_1051,0.3383477959671595
TEST_1052,0.4295809012108265
TEST_1053,0.5395139595039387
TEST_1054,0.46046660302061043
TEST_1055,0.5514156010955703
TEST_1056,0.29270303506739026
TEST_1057,0.4754446053666516
TEST_1058,0.577791266624582
TEST_1059,0.6656882201124706
TEST_1060,0.20140042373675643
TEST_1061,0.5390179349965449
TEST_1062,0.42820484430111094
TEST_1063,0.351359208381285
TEST_1064,0.5436551673896116
TEST_1065,0.6441886927377853
TEST_1066,0.5074382561140722
TEST_1067,0.4032559304533178
TEST_1068,0.5412929794356525
TEST_1069,0.45381944607922886
TEST_1070,0.4452176544004551
TEST_1071,0.40837777543027903
TEST_1072,0.5412798948832022
TEST_1073,0.7487078171817316
TEST_1074,0.6579409841844266
TEST_1075,0.49250344665578333
TEST_1076,0.4571184321699796
TEST_1077,0.42008350215755946
TEST_1078,0.4957343463782531
TEST_1079,0.6493404625668294
TEST_1080,0.6245933585428999
TEST_1081,0.5024952101262995
TEST_1082,0.4422839491850068
TEST_1083,0.542501779143064
TEST_1084,0.319225933472534
TEST_1085,0.25872357092556464
TEST_1086,0.2801937683598729
TEST_1087,0.39062457005448636
TEST_1088,0.4846193053042683
TEST_1089,0.4103627207905435
TEST_1090,0.47939260370929787
TEST_1091,0.31034971114539167
TEST_1092,0.5689607444817505
TEST_1093,0.48860899464782104
TEST_1094,0.45514987450203215
TEST_1095,0.5259944529198923
TEST_1096,0.5900918975242325
TEST_1097,0.455041477363079
TEST_1098,0.4477087508108201
TEST_1099,0.4737583773964451
TEST_1100,0.6769344472652508
TEST_1101,0.48666101520767036
TEST_1102,0.5019317646287071
TEST_1103,0.4654818791709734
TEST_1104,0.39764414214067734
TEST_1105,0.47726807913282654
TEST_1106,0.5979793627853244
TEST_1107,0.5465246212271084
TEST_1108,0.4193710513642919
TEST_1109,0.2945099477776828
TEST_1110,0.4747294451728813
TEST_1111,0.4452318423231777
TEST_1112,0.4444812889759989
TEST_1113,0.49471112884748114
TEST_1114,0.4641954885140422
TEST_1115,0.35480959438992266
TEST_1116,0.3206906280132986
TEST_1117,0.41024595194141017
TEST_1118,0.5830809002032493
TEST_1119,0.5079872506688827
TEST_1120,0.5480034414975171
TEST_1121,0.42938691241625104
TEST_1122,0.4776379637444157
TEST_1123,0.3561334347694648
TEST_1124,0.4872652038287495
TEST_1125,0.6427647721708285
TEST_1126,0.7919492005071046
TEST_1127,0.3103055903047624
TEST_1128,0.641997780996043
TEST_1129,0.5325701666353493
TEST_1130,0.503576197496653
TEST_1131,0.3611135636662914
TEST_1132,0.5783665737919945
TEST_1133,0.4020283768067269
TEST_1134,0.48781873677894605
TEST_1135,0.5332491459017483
TEST_1136,0.42713028265704067
TEST_1137,0.5121260431875934
TEST_1138,0.4171900839604561
TEST_1139,0.5076789722824605
TEST_1140,0.4922250237093766
TEST_1141,0.26983743867874516
TEST_1142,0.47488180350666476
TEST_1143,0.4387751859245998
TEST_1144,0.5320615104638632
TEST_1145,0.32236142240356636
TEST_1146,0.4259926600345967
TEST_1147,0.47875636431071256
TEST_1148,0.38373572429207126
TEST_1149,0.35251154553524305
TEST_1150,0.5171103614256803
TEST_1151,0.5229769827124293
TEST_1152,0.4133909917435665
TEST_1153,0.48088132692362284
TEST_1154,0.5652214155838486
TEST_1155,0.3494664934152275
TEST_1156,0.4591182908488566
TEST_1157,0.6101662939962432
TEST_1158,0.5296416589488772
TEST_1159,0.63070607797864
TEST_1160,0.450947538751157
TEST_1161,0.45091942914028343
TEST_1162,0.36001107842317115
TEST_1163,0.5832316573498333
TEST_1164,0.42622446209319204
TEST_1165,0.49678991751884016
TEST_1166,0.4964588541128358
TEST_1167,0.48484179896089613
TEST_1168,0.32178590211628866
TEST_1169,0.5741285661054096
TEST_1170,0.6459784521752155
TEST_1171,0.3716938812757457
TEST_1172,0.5338071757012929
TEST_1173,0.369251625164011
TEST_1174,0.6098983887404174
TEST_1175,0.6011160616193363
TEST_1176,0.3964208115172064
TEST_1177,0.3480213317138788
TEST_1178,0.4674021102703052
TEST_1179,0.4431841246258581
TEST_1180,0.34414962198052385
TEST_1181,0.6132576473221238
TEST_1182,0.5111595174541844
TEST_1183,0.4465955030914701
TEST_1184,0.48822199144045464
TEST_1185,0.35422057132283025
TEST_1186,0.4426061137790559
TEST_1187,0.37990673889863213
TEST_1188,0.5277166373762757
TEST_1189,0.49833894501571496
TEST_1190,0.46934965263294137
TEST_1191,0.38363573507875537
TEST_1192,0.34015167487062414
TEST_1193,0.523358019517541
TEST_1194,0.5641257652058093
TEST_1195,0.40138820020884336
TEST_1196,0.7694808827980834
TEST_1197,0.4061995353025418
TEST_1198,0.46264516597770655
TEST_1199,0.3611293474264301
TEST_1200,0.3864190044038537
TEST_1201,0.4462288087159548
TEST_1202,0.5962123150481874
TEST_1203,0.35374575666400276
TEST_1204,0.48291259489603516
TEST_1205,0.3941944587715819
TEST_1206,0.48181683862466995
TEST_1207,0.44812001780993205
TEST_1208,0.3192117951389615
TEST_1209,0.3318169680994096
TEST_1210,0.38687513138946605
TEST_1211,0.5599888589314137
TEST_1212,0.5825621608074318
TEST_1213,0.32789635496691477
TEST_1214,0.5585023552047254
TEST_1215,0.3952629187910663
TEST_1216,0.6423327729207737
TEST_1217,0.5005152433222847
TEST_1218,0.37756318486482704
TEST_1219,0.2864184654328836
TEST_1220,0.540701829731272
TEST_1221,0.4890895826660663
TEST_1222,0.35079045995001173
TEST_1223,0.45914506872781347
TEST_1224,0.4339464227789523
TEST_1225,0.5327408811971134
TEST_1226,0.3206351711452684
TEST_1227,0.5121132624029016
TEST_1228,0.47866527816803517
TEST_1229,0.5553350894969105
TEST_1230,0.6286790801508467
TEST_1231,0.4837710718688866
TEST_1232,0.3950584173277787
TEST_1233,0.5831066040825916
TEST_1234,0.43778335451055106
TEST_1235,0.5869021135435543
TEST_1236,0.442086592348646
TEST_1237,0.4847712562452567
TEST_1238,0.3574810001881077
TEST_1239,0.6508090577396504
TEST_1240,0.45228569151540327
TEST_1241,0.38035884334724424
TEST_1242,0.668945619932228
TEST_1243,0.42937783363323767
TEST_1244,0.6628400874906588
TEST_1245,0.6021529208614477
TEST_1246,0.6114619596046044
TEST_1247,0.3548582797544687
TEST_1248,0.6354865514635057
TEST_1249,0.6855595132200198
TEST_1250,0.5099619486349016
TEST_1251,0.4562995182803915
TEST_1252,0.5000415635047587
TEST_1253,0.6893189498545693
TEST_1254,0.43031384702900743
TEST_1255,0.5319456088404633
TEST_1256,0.5498814272521493
TEST_1257,0.5366474829299784
TEST_1258,0.3386887725178362
TEST_1259,0.5491175246825238
TEST_1260,0.4731349209592879
TEST_1261,0.4068732453983892
TEST_1262,0.4119771544316225
TEST_1263,0.4509303568280857
TEST_1264,0.331199708866409
TEST_1265,0.47400893509028386
TEST_1266,0.5105961819836642
TEST_1267,0.5389231823086957
TEST_1268,0.5728618736433444
TEST_1269,0.6185185088739388
TEST_1270,0.47469365074630154
TEST_1271,0.4445810508144082
TEST_1272,0.5025510670791326
TEST_1273,0.7241132506525874
TEST_1274,0.462884636717436
TEST_1275,0.4934680004857543
TEST_1276,0.4004746426439205
TEST_1277,0.3720073203769588
TEST_1278,0.7832951110619382
TEST_1279,0.5482553016822528
TEST_1280,0.5065990318433929
TEST_1281,0.36006413326805026
TEST_1282,0.37473730820319456
TEST_1283,0.25916963034091844
TEST_1284,0.32062696726030593
TEST_1285,0.56493316210384
TEST_1286,0.42828396565250465
TEST_1287,0.45372764918635655
TEST_1288,0.21911867944199095
TEST_1289,0.5477834924387845
TEST_1290,0.2804976492781927
TEST_1291,0.5505010183286054
TEST_1292,0.3678863986251629
TEST_1293,0.3625982214199956
TEST_1294,0.5520984083593965
TEST_1295,0.23003287412429654
TEST_1296,0.7009477937140502
TEST_1297,0.516734375429752
TEST_1298,0.4854966501259394
TEST_1299,0.5047930342294439
TEST_1300,0.2856310956752459
TEST_1301,0.5644422067497665
TEST_1302,0.551364750051902
TEST_1303,0.4683635431743919
TEST_1304,0.5522561843762032
TEST_1305,0.46312978777909314
TEST_1306,0.42081466367183257
TEST_1307,0.4852529155660931
TEST_1308,0.3604595012386011
TEST_1309,0.688807665106034
TEST_1310,0.5669503058436379
TEST_1311,0.6709103555549265
TEST_1312,0.5790183795152107
TEST_1313,0.5180679174267779
TEST_1314,0.44025010104706674
TEST_1315,0.30093963439156546
TEST_1316,0.5157583487852395
TEST_1317,0.62602425410076
TEST_1318,0.6653070788852162
TEST_1319,0.5046236129120566
TEST_1320,0.3500770425648191
TEST_1321,0.6314388776853039
TEST_1322,0.34278924473340205
TEST_1323,0.4022319666584976
TEST_1324,0.6147952475114067
TEST_1325,0.4675838346145188
TEST_1326,0.43383392352343364
TEST_1327,0.5713438939494897
TEST_1328,0.499768727078467
TEST_1329,0.4302817427693655
TEST_1330,0.521639855364218
TEST_1331,0.7068801094107192
TEST_1332,0.4790056349915755
TEST_1333,0.7194058563319508
TEST_1334,0.38670571860306535
TEST_1335,0.6779210062785741
TEST_1336,0.4387631803393114
TEST_1337,0.5060988765694882
TEST_1338,0.3004427095760326
TEST_1339,0.5538750057004203
TEST_1340,0.540365448898706
TEST_1341,0.42309977361561235
TEST_1342,0.4810816675538856
TEST_1343,0.7986534556012502
TEST_1344,0.443949574898097
TEST_1345,0.39937141903148227
TEST_1346,0.47682582560003184
TEST_1347,0.4499703591671801
TEST_1348,0.445631589248883
TEST_1349,0.5501703927458335
TEST_1350,0.4137737259377038
TEST_1351,0.5755192105566417
TEST_1352,0.6457229375081104
TEST_1353,0.6376957473530361
TEST_1354,0.5560446939180819
TEST_1355,0.5948573072944443
TEST_1356,0.4326208706735436
TEST_1357,0.4782852408067886
TEST_1358,0.627134275906101
TEST_1359,0.5718612666557603
TEST_1360,0.5135222532471684
TEST_1361,0.22102261902697337
TEST_1362,0.30333515340803113
TEST_1363,0.6133747601069829
TEST_1364,0.4348084548227502
TEST_1365,0.4977018214724686
TEST_1366,0.5148567393963907
TEST_1367,0.5543704131728748
TEST_1368,0.5263096748336937
TEST_1369,0.5707438706565193
TEST_1370,0.5202620482877042
TEST_1371,0.5997837125855503
TEST_1372,0.6782804648904452
TEST_1373,0.44356875146298635
TEST_1374,0.3465591782481903
TEST_1375,0.5703195668772609
TEST_1376,0.5069006063517363
TEST_1377,0.36981362068309387
TEST_1378,0.5263711176517967
TEST_1379,0.5232790847489056
TEST_1380,0.4399082060613801
TEST_1381,0.33626396196902253
TEST_1382,0.4968800008928458
TEST_1383,0.347945665352426
TEST_1384,0.429588655458582
TEST_1385,0.4584511710550429
TEST_1386,0.41655719587597584
TEST_1387,0.3259729326620998
TEST_1388,0.43660456433923833
TEST_1389,0.47031974797380804
TEST_1390,0.4931134649628721
TEST_1391,0.32899274954349406
TEST_1392,0.6466346128383109
TEST_1393,0.45712073513409035
TEST_1394,0.32011938657440475
TEST_1395,0.5476548673422207
TEST_1396,0.5609315166973292
TEST_1397,0.5052152646654506
TEST_1398,0.4290583584690391
TEST_1399,0.44242528976375933
TEST_1400,0.5376506469902602
TEST_1401,0.622590706856041
TEST_1402,0.44099997272447267
TEST_1403,0.4022311779075852
TEST_1404,0.5919929281970373
TEST_1405,0.4860342921471339
TEST_1406,0.45338374596340003
TEST_1407,0.30069061052672635
TEST_1408,0.321892525123854
TEST_1409,0.3603749569148699
TEST_1410,0.42327711088494224
TEST_1411,0.5710090149141948
TEST_1412,0.38683095299879316
TEST_1413,0.36849745983747206
TEST_1414,0.5524206013312452
TEST_1415,0.6115591783835048
TEST_1416,0.47218971139430954
TEST_1417,0.5143619505947387
TEST_1418,0.5853756300888673
TEST_1419,0.5620792553478468
TEST_1420,0.4377045151900538
TEST_1421,0.43023555024804766
TEST_1422,0.5687780758195188
TEST_1423,0.44625851791253757
TEST_1424,0.6174123832124062
TEST_1425,0.43920653073721083
TEST_1426,0.30891965586155595
TEST_1427,0.3893249323438886
TEST_1428,0.6315456631685696
TEST_1429,0.5002199008261853
TEST_1430,0.5549599876134927
TEST_1431,0.44407537199809216
TEST_1432,0.6029940461736173
TEST_1433,0.6877529095859714
TEST_1434,0.42812120175510154
TEST_1435,0.5423187666842941
TEST_1436,0.381245409847208
TEST_1437,0.4464025575214159
TEST_1438,0.43827204329459424
TEST_1439,0.30390780458659167
TEST_1440,0.4996567568869125
TEST_1441,0.3805971324727047
TEST_1442,0.750053564211661
TEST_1443,0.2847996529481346
TEST_1444,0.4009218009329242
TEST_1445,0.496253842157487
TEST_1446,0.5223985279877006
TEST_1447,0.5771727356077024
TEST_1448,0.4853162373077856
TEST_1449,0.8749294529988348
TEST_1450,0.38843648132629244
TEST_1451,0.5872083524343567
TEST_1452,0.44191299331582046
TEST_1453,0.32114241035076785
TEST_1454,0.5415152673960731
TEST_1455,0.4687371907811514
TEST_1456,0.4701597470997292
TEST_1457,0.3327796550964261
TEST_1458,0.4065065736073577
TEST_1459,0.5134457299604624
TEST_1460,0.5320407099742174
TEST_1461,0.4202311089185399
TEST_1462,0.4993970460827748
TEST_1463,0.23377418468972871
TEST_1464,0.3872338427370331
TEST_1465,0.6090965069991363
TEST_1466,0.5008919254832727
TEST_1467,0.4002699961332866
TEST_1468,0.5588451969961792
TEST_1469,0.6182437727402942
TEST_1470,0.3347981895781782
TEST_1471,0.5494330431647919
TEST_1472,0.3909151323979765
TEST_1473,0.4451269696625292
TEST_1474,0.5593843843107426
TEST_1475,0.6531304282041919
TEST_1476,0.4959348427694689
TEST_1477,0.5107513032694098
TEST_1478,0.44877844961054436
TEST_1479,0.4235940366905666
TEST_1480,0.5477673653515951
TEST_1481,0.6045039697310238
TEST_1482,0.5676083906305774
TEST_1483,0.5177052415876977
TEST_1484,0.3593280040260431
TEST_1485,0.25592063443373697
TEST_1486,0.5272610522336336
TEST_1487,0.44494025298975887
TEST_1488,0.51423643046676
TEST_1489,0.5279343800620637
TEST_1490,0.5096948832590533
TEST_1491,0.42087626283303675
TEST_1492,0.39281890453457835
TEST_1493,0.397715314945349
TEST_1494,0.48407950118131493
TEST_1495,0.5797204195508995
TEST_1496,0.5180327041927746
TEST_1497,0.4594527747574759
TEST_1498,0.5282616477663825
TEST_1499,0.4596055994869218
TEST_1500,0.5823686789614031
TEST_1501,0.47953622954554265
TEST_1502,0.2985767383950733
TEST_1503,0.5847475762262935
TEST_1504,0.5144781126249959
TEST_1505,0.4617282728421158
TEST_1506,0.35576176168826684
TEST_1507,0.6825355757495642
TEST_1508,0.5536635111411964
TEST_1509,0.4862241916557988
TEST_1510,0.5574354503303912
TEST_1511,0.5167686609618043
TEST_1512,0.6509036400886108
TEST_1513,0.5425862915527596
TEST_1514,0.4875849664994527
TEST_1515,0.44210323574713795
TEST_1516,0.4763501995239986
TEST_1517,0.08769940377728752
TEST_1518,0.5116511685099037
TEST_1519,0.49767492713172035
TEST_1520,0.4105647264226724
TEST_1521,0.39473337164730965
TEST_1522,0.5127032216535842
TEST_1523,0.3620452156175459
TEST_1524,0.49447597175068997
TEST_1525,0.4909125873437257
TEST_1526,0.5239411763053308
TEST_1527,0.34349457421550444
TEST_1528,0.5091496817396943
TEST_1529,0.5624009231200979
TEST_1530,0.391269917346218
TEST_1531,0.4102962628872513
TEST_1532,0.48354615996780703
TEST_1533,0.3363653585335553
TEST_1534,0.3683444304678164
TEST_1535,0.744127572377723
TEST_1536,0.6885129896779082
TEST_1537,0.5154608164838422
TEST_1538,0.43219135327195024
TEST_1539,0.4539838722002927
TEST_1540,0.4141016759865957
TEST_1541,0.45557825451590706
TEST_1542,0.40043636633060287
TEST_1543,0.5083729911375006
TEST_1544,0.4424261747904401
TEST_1545,0.48727590349252214
TEST_1546,0.5314089042163208
TEST_1547,0.48206514664192346
TEST_1548,0.42173321700823574
TEST_1549,0.2802308822329678
TEST_1550,0.6675552941891788
TEST_1551,0.4788981372992178
TEST_1552,0.5033571199197096
TEST_1553,0.578212215278352
TEST_1554,0.454507450974417
TEST_1555,0.42280982937501094
TEST_1556,0.7191988955582143
TEST_1557,0.48028083357731205
TEST_1558,0.3512850928648092
TEST_1559,0.5539043839295785
TEST_1560,0.6189973840300875
TEST_1561,0.4100319243563407
TEST_1562,0.6432878309072619
TEST_1563,0.4478096799442882
TEST_1564,0.5178074724175352
TEST_1565,0.4215810013229826
TEST_1566,0.5688204409146679
TEST_1567,0.5805135182315819
TEST_1568,0.4335268473063225
TEST_1569,0.39725767901887576
TEST_1570,0.4963356601828966
TEST_1571,0.37757068871052935
TEST_1572,0.5159121238699593
TEST_1573,0.6053004657199923
TEST_1574,0.5021326344844094
TEST_1575,0.35824797136969466
TEST_1576,0.4267902766037392
TEST_1577,0.6892093316384669
TEST_1578,0.5633836836594819
TEST_1579,0.3780902173939721
TEST_1580,0.7672989174180658
TEST_1581,0.4869684340960755
TEST_1582,0.2996908142176256
TEST_1583,0.38192096839773526
TEST_1584,0.4644863808998919
TEST_1585,0.7543017310128238
TEST_1586,0.3429178577577723
TEST_1587,0.36604988625546186
TEST_1588,0.6784290136627269
TEST_1589,0.5443580566504206
TEST_1590,0.620070700714251
TEST_1591,0.4917580407665115
TEST_1592,0.6371420441533739
TEST_1593,0.48335110928334607
TEST_1594,0.34740557403915767
TEST_1595,0.5260131513543519
TEST_1596,0.4086422461500249
TEST_1597,0.6106920328441646
TEST_1598,0.5901961492009695
TEST_1599,0.2997165184147914
TEST_1600,0.5148971956032524
TEST_1601,0.5535048294421565
TEST_1602,0.4177875120527248
TEST_1603,0.482545542046774
TEST_1604,0.46352836675397
TEST_1605,0.4229768873974783
TEST_1606,0.4688252918472367
TEST_1607,0.45393545433075355
TEST_1608,0.4593134565768826
TEST_1609,0.4295390682746718
TEST_1610,0.5442952047915857
TEST_1611,0.5866394653345132
TEST_1612,0.2579673121443759
TEST_1613,0.5108191388812326
TEST_1614,0.5714921197364428
TEST_1615,0.5367422089693978
TEST_1616,0.21085900843169053
TEST_1617,0.4796270153651294
TEST_1618,0.5442546142774553
TEST_1619,0.4785616380746164
TEST_1620,0.8308997158101499
TEST_1621,0.452973103388741
TEST_1622,0.4112688293603662
TEST_1623,0.447503223085467
TEST_1624,0.4265647742785706
TEST_1625,0.5464591002396254
TEST_1626,0.4156884527350996
TEST_1627,0.49500432427260954
TEST_1628,0.5358704366668396
TEST_1629,0.44533695979209564
TEST_1630,0.4760633732842634
TEST_1631,0.4743032793389204
TEST_1632,0.4074050128779482
TEST_1633,0.600285361211872
TEST_1634,0.6950661140311425
TEST_1635,0.3667523117828727
TEST_1636,0.5928998423086563
TEST_1637,0.4769816081733701
TEST_1638,0.5823947286548642
TEST_1639,0.4514394521841044
TEST_1640,0.5073282429367504
TEST_1641,0.46618557161014806
TEST_1642,0.6041395597671751
TEST_1643,0.5054839750514492
TEST_1644,0.4892426637727862
TEST_1645,0.38178495770796894
TEST_1646,0.42998323640810904
TEST_1647,0.6687327393735519
TEST_1648,0.40593185536610243
TEST_1649,0.41176309085084195
TEST_1650,0.5160560153291585
TEST_1651,0.4817798858542971
TEST_1652,0.3954747136560246
TEST_1653,0.37962008859175755
TEST_1654,0.608013944444319
TEST_1655,0.478817943159624
TEST_1656,0.5361122522122798
TEST_1657,0.5516895977981717
TEST_1658,0.5607598432975577
TEST_1659,0.5116526727137538
TEST_1660,0.5326712180179635
TEST_1661,0.4625854744466421
TEST_1662,0.5001418419691642
TEST_1663,0.5498465099779437
TEST_1664,0.5128860331149991
TEST_1665,0.5630958536040898
TEST_1666,0.7722486507676494
TEST_1667,0.6274997091284612
TEST_1668,0.3952011960396984
TEST_1669,0.39878089984424936
TEST_1670,0.5661025380081679
TEST_1671,0.47247668933076786
TEST_1672,0.4406475584330867
TEST_1673,0.5062487759115013
TEST_1674,0.5137446898179687
TEST_1675,0.7211802211167456
TEST_1676,0.4702465433529684
TEST_1677,0.44094575647198025
TEST_1678,0.5409723822338489
TEST_1679,0.6621810105663801
TEST_1680,0.39392938915738585
TEST_1681,0.19918235381505292
TEST_1682,0.39789893211987976
TEST_1683,0.5454824875446815
TEST_1684,0.4300981409504402
TEST_1685,0.36623318695084905
TEST_1686,0.5191139326980114
TEST_1687,0.41736509783114195
TEST_1688,0.4869751580045079
TEST_1689,0.4062358112079136
TEST_1690,0.43948751961545146
TEST_1691,0.41191978951775926
TEST_1692,0.62705750100719
TEST_1693,0.4690475676813842
TEST_1694,0.4814218592375623
TEST_1695,0.28820442259236406
TEST_1696,0.39924957163746266
TEST_1697,0.4595278886624328
TEST_1698,0.41605444142921666
TEST_1699,0.5119140929935672
TEST_1700,0.4588708585134615
TEST_1701,0.5086260940121274
TEST_1702,0.31767041824926157
TEST_1703,0.430146771274684
TEST_1704,0.5885598158987762
TEST_1705,0.41562836080196874
TEST_1706,0.5820864582581703
TEST_1707,0.4197164689053589
TEST_1708,0.5724387554828226
TEST_1709,0.6247226871006164
TEST_1710,0.6319641143587458
TEST_1711,0.43539019879030927
TEST_1712,0.305168869165857
TEST_1713,0.6253082796715435
TEST_1714,0.3773041173218048
TEST_1715,0.41101703498959336
TEST_1716,0.3880641549367625
TEST_1717,0.624506884417594
TEST_1718,0.45956789345113747
TEST_1719,0.5198522827645221
TEST_1720,0.5326191096231302
TEST_1721,0.436037766825651
TEST_1722,0.7466509225800229
TEST_1723,0.3699410805928223
TEST_1724,0.44596660562679075
TEST_1725,0.5217708794284025
TEST_1726,0.42956400324412647
TEST_1727,0.5131929264055517
TEST_1728,0.4480655411445456
TEST_1729,0.43351696834832415
TEST_1730,0.5434585532374848
TEST_1731,0.5030098470442818
TEST_1732,0.4720368694123871
TEST_1733,0.46398130268681415
TEST_1734,0.35361624475968345
TEST_1735,0.5497938117355003
TEST_1736,0.420146018071372
TEST_1737,0.4051236050121312
TEST_1738,0.4331910719957263
TEST_1739,0.487201259287806
TEST_1740,0.5352577707762586
TEST_1741,0.38329633340437985
TEST_1742,0.5142010677132085
TEST_1743,0.44350930297322794
TEST_1744,0.38728787118425556
TEST_1745,0.4380568308064172
TEST_1746,0.4774556249869788
TEST_1747,0.5898121167985612
TEST_1748,0.5244101363938579
TEST_1749,0.5150530653444789
TEST_1750,0.5082532075042557
TEST_1751,0.5365926704438169
TEST_1752,0.4903744292772908
TEST_1753,0.440659904143075
TEST_1754,0.509878966297029
TEST_1755,0.5259359168967612
TEST_1756,0.3296495288452118
TEST_1757,0.5066084748839109
TEST_1758,0.48904209592316283
TEST_1759,0.5167507922606399
TEST_1760,0.44632375878320973
TEST_1761,0.5818748151081244
TEST_1762,0.6016947276367755
TEST_1763,0.4772291989395425
TEST_1764,0.4603222651475755
TEST_1765,0.5355431410601663
TEST_1766,0.3219999837347483
TEST_1767,0.3706996785230892
TEST_1768,0.5024110187356786
TEST_1769,0.66289251965788
TEST_1770,0.5672871440866458
TEST_1771,0.683524214719871
TEST_1772,0.6478013351123248
TEST_1773,0.4006744268046762
TEST_1774,0.5240757080138752
TEST_1775,0.4393490274289171
TEST_1776,0.4612322023411536
TEST_1777,0.5897491786674175
TEST_1778,0.5093711939048137
TEST_1779,0.6156831497783003
TEST_1780,0.44533695979209564
TEST_1781,0.6029049196165381
TEST_1782,0.522792985455028
TEST_1783,0.49271741380430967
TEST_1784,0.5095765156338841
TEST_1785,0.5578752238876198
TEST_1786,0.5307808390344804
TEST_1787,0.6660239802538052
TEST_1788,0.43365814852257933
TEST_1789,0.4749195006939996
TEST_1790,0.5758383570735304
TEST_1791,0.43488233775425944
TEST_1792,0.6941560699019726
TEST_1793,0.5586549750724654
TEST_1794,0.560635879051057
TEST_1795,0.44011421350987656
TEST_1796,0.44650967270420244
TEST_1797,0.393354103597378
TEST_1798,0.49067514489023695
TEST_1799,0.44887805086761917
TEST_1800,0.44187929248194946
TEST_1801,0.49833693392872547
TEST_1802,0.7751093571718577
TEST_1803,0.4003899253266703
TEST_1804,0.4586638707725288
TEST_1805,0.48360098094156
TEST_1806,0.4161785985459967
TEST_1807,0.3066880943143856
TEST_1808,0.6086049283911672
TEST_1809,0.36203175772385277
TEST_1810,0.6397036787708574
TEST_1811,0.33987334231505195
TEST_1812,0.5118836732351912
TEST_1813,0.44768055012128505
TEST_1814,0.49476238377950715
TEST_1815,0.36405444602362835
TEST_1816,0.5008609286858673
TEST_1817,0.47862438653117667
TEST_1818,0.5060774457523739
TEST_1819,0.26979078904586334
TEST_1820,0.5705361588978941
TEST_1821,0.6581564482721832
TEST_1822,0.44886098097679306
TEST_1823,0.47706695313963166
TEST_1824,0.38537423660795755
TEST_1825,0.3094057932623732
TEST_1826,0.4208564132014626
TEST_1827,0.286354567184726
TEST_1828,0.46583090352647916
TEST_1829,0.44742950644121626
TEST_1830,0.5214585344028208
TEST_1831,0.3096912671928313
TEST_1832,0.36266104343476774
TEST_1833,0.4341226349014781
TEST_1834,0.600602464653056
TEST_1835,0.368808877417511
TEST_1836,0.4228635446041704
TEST_1837,0.4128051399758043
TEST_1838,0.488709817169929
TEST_1839,0.48684655939380583
TEST_1840,0.5454887852009646
TEST_1841,0.5111050491543363
TEST_1842,0.29516705333072096
TEST_1843,0.4684506212270288
TEST_1844,0.4990824415123106
TEST_1845,0.5247216418494826
TEST_1846,0.47203183922589537
TEST_1847,0.4350213956524495
TEST_1848,0.4969354846994284
TEST_1849,0.4976563043834208
TEST_1850,0.43080351670443584
TEST_1851,0.4948210063070456
TEST_1852,0.5315235372089261
TEST_1853,0.4797501819689387
TEST_1854,0.520260639265238
TEST_1855,0.47457746617465646
TEST_1856,0.4749218650578267
TEST_1857,0.5478798194765275
TEST_1858,0.6206482522877831
TEST_1859,0.43562024369386865
TEST_1860,0.3775924695274984
TEST_1861,0.23724022291999436
TEST_1862,0.3692949127358095
TEST_1863,0.5962952319276329
TEST_1864,0.2956233654748861
TEST_1865,0.3942178409717857
TEST_1866,0.5356017493006441
TEST_1867,0.5798154571491643
TEST_1868,0.29534210964685315
TEST_1869,0.36637023716737305
TEST_1870,0.5321027382256203
TEST_1871,0.5003661280229934
TEST_1872,0.46223232009794246
TEST_1873,0.3728857811864975
TEST_1874,0.5734514696007446
TEST_1875,0.6573468624053196
TEST_1876,0.49196656664955163
TEST_1877,0.6882362619244655
TEST_1878,0.5234983864571677
TEST_1879,0.5214350304263378
TEST_1880,0.4233643516987984
TEST_1881,0.6688045801750641
TEST_1882,0.4852126475823655
TEST_1883,0.5237066008320354
TEST_1884,0.23699378799750245
TEST_1885,0.6476410319951589
TEST_1886,0.5217803267197433
TEST_1887,0.38339745235410216
TEST_1888,0.582424801036343
TEST_1889,0.39980044454874497
TEST_1890,0.42829500885749006
TEST_1891,0.5223672483485448
TEST_1892,0.3585384827147921
TEST_1893,0.6023198749020009
TEST_1894,0.3878294727093179
TEST_1895,0.21839728263976926
TEST_1896,0.7875699050679728
TEST_1897,0.43031700381645865
TEST_1898,0.40918909831429384
TEST_1899,0.48334032565114937
TEST_1900,0.46529267250663053
TEST_1901,0.3855136189753654
TEST_1902,0.4001000513397866
TEST_1903,0.4062949614709757
TEST_1904,0.4216970637236913
TEST_1905,0.3509803923365369
TEST_1906,0.5899764923114876
TEST_1907,0.6258277851687
TEST_1908,0.7448565114900756
TEST_1909,0.6130687541691462
TEST_1910,0.5394962189476663
TEST_1911,0.34922200574316725
TEST_1912,0.30936808897032003
TEST_1913,0.590768415848821
TEST_1914,0.49294550387916913
TEST_1915,0.46836801052817634
TEST_1916,0.7031579534711175
TEST_1917,0.5194390947780838
TEST_1918,0.599605194755869
TEST_1919,0.42966698461943753
TEST_1920,0.5329573279294777
TEST_1921,0.5555428697075562
TEST_1922,0.5120056896224598
TEST_1923,0.5198772206183708
TEST_1924,0.48613605000158533
TEST_1925,0.4355174887919919
TEST_1926,0.3023265243394365
TEST_1927,0.4102940844897767
TEST_1928,0.5212593842961851
TEST_1929,0.31965785181936857
TEST_1930,0.5151878392428233
TEST_1931,0.575469658510898
TEST_1932,0.4196741684306219
TEST_1933,0.5533359906644092
TEST_1934,0.3466447053166432
TEST_1935,0.43578648478635174
TEST_1936,0.3962102980585044
TEST_1937,0.681853712599241
TEST_1938,0.6218929790359865
TEST_1939,0.46933009279994586
TEST_1940,0.48833699398056574
TEST_1941,0.6565677370908225
TEST_1942,0.36535168657934336
TEST_1943,0.5918369508776788
TEST_1944,0.48307603950795136
TEST_1945,0.4304205886556566
TEST_1946,0.45139494278810355
TEST_1947,0.5593925291370084
TEST_1948,0.6244579723335858
TEST_1949,0.45399770906501113
TEST_1950,0.6537677692623767
TEST_1951,0.37875612061738806
TEST_1952,0.4288186210431688
TEST_1953,0.5223144790592581
TEST_1954,0.6109020985177046
TEST_1955,0.4678690439623756
TEST_1956,0.6144472174294663
TEST_1957,0.48799421604281734
TEST_1958,0.3406992642766684
TEST_1959,0.4516912784853589
TEST_1960,0.5453300639520429
TEST_1961,0.41997035361355245
TEST_1962,0.48630031314474714
TEST_1963,0.3756345982769353
TEST_1964,0.38977598446672923
TEST_1965,0.4312188754689367
TEST_1966,0.5031465417488107
TEST_1967,0.33260572456846144
TEST_1968,0.5296713015933718
TEST_1969,0.6591310067356344
TEST_1970,0.46685830086181196
TEST_1971,0.3755186769775438
TEST_1972,0.6181138483504329
TEST_1973,0.5777153754247835
TEST_1974,0.5975640951862344
TEST_1975,0.3519562575365103
TEST_1976,0.3578124906226248
TEST_1977,0.5300240536275871
TEST_1978,0.4878056319772096
TEST_1979,0.6971889027528871
TEST_1980,0.3532538205189062
TEST_1981,0.5225803262956993
TEST_1982,0.3719149418629175
TEST_1983,0.3793665249383218
TEST_1984,0.4091260101354945
TEST_1985,0.674377748296287
TEST_1986,0.6368959258962137
TEST_1987,0.5410177433829688
TEST_1988,0.5529256366600727
TEST_1989,0.7018483573263478
TEST_1990,0.6044972317474668
TEST_1991,0.35421854189452767
TEST_1992,0.6290383215922839
TEST_1993,0.6607806465324029
TEST_1994,0.5726478670262658
TEST_1995,0.29915087330691054
TEST_1996,0.47156534769102115
TEST_1997,0.6081665407197596
TEST_1998,0.5005709423434451
TEST_1999,0.6792026759738983
TEST_2000,0.4755355286803239
TEST_2001,0.427840886737038
TEST_2002,0.6253038960254531
TEST_2003,0.3788887913961114
TEST_2004,0.5779743748509936
TEST_2005,0.5692782476913436
TEST_2006,0.6306932749299629
TEST_2007,0.43489000683783996
TEST_2008,0.5030513236819535
TEST_2009,0.4328231791243077
TEST_2010,0.4836579918555478
TEST_2011,0.4230234285987721
TEST_2012,0.3357562959269317
TEST_2013,0.5024247849920214
TEST_2014,0.46926838162943607
TEST_2015,0.4353836361816117
TEST_2016,0.4811029197953377
TEST_2017,0.3569688850939378
TEST_2018,0.41691288059845005
TEST_2019,0.46696612522507575
TEST_2020,0.44638126484101553
TEST_2021,0.5437311598939883
TEST_2022,0.32520152013815795
TEST_2023,0.383564331052249
TEST_2024,0.5463073361459184
TEST_2025,0.6390510134399787
TEST_2026,0.4644698374671345
TEST_2027,0.3903401333302082
TEST_2028,0.6686159182529116
TEST_2029,0.4408973839199004
TEST_2030,0.431294318337228
TEST_2031,0.4089516515006012
TEST_2032,0.5952993016286969
TEST_2033,0.6199584743575663
TEST_2034,0.4399773419845877
TEST_2035,0.48327543486404323
TEST_2036,0.48607389631258424
TEST_2037,0.29972024204963865
TEST_2038,0.3973289107880904
TEST_2039,0.43126082955881195
TEST_2040,0.5698357777543663
TEST_2041,0.6475237482910097
TEST_2042,0.4608642572432789
TEST_2043,0.4636394752779047
TEST_2044,0.39992954988826446
TEST_2045,0.3745432903689272
TEST_2046,0.5026995393093998
TEST_2047,0.33721608921448676
TEST_2048,0.4628437729191358
TEST_2049,0.48260078014292174
TEST_2050,0.49887376125202487
TEST_2051,0.4874981589585371
TEST_2052,0.4276666840211137
TEST_2053,0.5094158483090905
TEST_2054,0.8193392367910226
TEST_2055,0.5153191481512585
TEST_2056,0.45086432059263215
TEST_2057,0.39643296745415646
TEST_2058,0.5497758701308482
TEST_2059,0.5408749170784416
TEST_2060,0.5050575206630801
TEST_2061,0.4475137727474596
TEST_2062,0.3997899254260287
TEST_2063,0.5373937363126535
TEST_2064,0.5854238793089356
TEST_2065,0.591459131089798
TEST_2066,0.4526989240401933
TEST_2067,0.466882481206413
TEST_2068,0.4391340682451343
TEST_2069,0.636198727748298
TEST_2070,0.44439284996381456
TEST_2071,0.4970443931806657
TEST_2072,0.2908056332642264
TEST_2073,0.6448975298367192
TEST_2074,0.46362877799646607
TEST_2075,0.5400049390420597
TEST_2076,0.44047907335301456
TEST_2077,0.46199198031961064
TEST_2078,0.47370015273884825
TEST_2079,0.5269126655922063
TEST_2080,0.46250617182820436
TEST_2081,0.4341767194383554
TEST_2082,0.5461824660229236
TEST_2083,0.46927669939254385
TEST_2084,0.6480486859215848
TEST_2085,0.45941177712347825
TEST_2086,0.6788904090379744
TEST_2087,0.4549278211807866
TEST_2088,0.5115331319861345
TEST_2089,0.394455901424005
TEST_2090,0.41726398408129395
TEST_2091,0.5199714434601297
TEST_2092,0.5126251977728005
TEST_2093,0.2444773162272321
TEST_2094,0.4067169033530139
TEST_2095,0.4214884326736059
TEST_2096,0.3424869958497355
TEST_2097,0.7287210659115742
TEST_2098,0.552869367145758
TEST_2099,0.5656000886599333
TEST_2100,0.7375608702297705
TEST_2101,0.6700231063392071
TEST_2102,0.5967456452582525
TEST_2103,0.35366661907878894
TEST_2104,0.559032335660054
TEST_2105,0.7028190720319591
TEST_2106,0.5366710612074996
TEST_2107,0.4012123229411031
TEST_2108,0.5196938939254109
TEST_2109,0.42720441071213167
TEST_2110,0.42663332427492834
TEST_2111,0.5943266789704272
TEST_2112,0.6265107001057098
TEST_2113,0.4118966477006243
TEST_2114,0.33463261199982575
TEST_2115,0.5409117639478858
TEST_2116,0.3942059488901636
TEST_2117,0.3588680021633388
TEST_2118,0.5259972019244727
TEST_2119,0.37454059630742764
TEST_2120,0.6013320065067685
TEST_2121,0.6200515415696624
TEST_2122,0.4266902551650819
TEST_2123,0.4931393867449226
TEST_2124,0.5150028344804639
TEST_2125,0.62887539764915
TEST_2126,0.4305089032965843
TEST_2127,0.28764421856991135
TEST_2128,0.46321883229552097
TEST_2129,0.4948908099196694
TEST_2130,0.48841025976250996
TEST_2131,0.6767017698490874
TEST_2132,0.5772670317764262
TEST_2133,0.5505007649083143
TEST_2134,0.6150843469544629
TEST_2135,0.4074453744410707
TEST_2136,0.3990090508448045
TEST_2137,0.4946437945437304
TEST_2138,0.39702385693317443
TEST_2139,0.6407483349591436
TEST_2140,0.8112367979195533
TEST_2141,0.5903583887142622
TEST_2142,0.4131738200116615
TEST_2143,0.6763934171660198
TEST_2144,0.23709283636015993
TEST_2145,0.5172572889948234
TEST_2146,0.42036148672870877
TEST_2147,0.5162248150940066
TEST_2148,0.6374331433267924
TEST_2149,0.3831965246116131
TEST_2150,0.5457855914321623
TEST_2151,0.6857396628422792
TEST_2152,0.5373474830492118
TEST_2153,0.4961174260636933
TEST_2154,0.4281747305890131
TEST_2155,0.4463040653244512
TEST_2156,0.49494863809436745
TEST_2157,0.4912355856172926
TEST_2158,0.40374858483676246
TEST_2159,0.4246153554125066
TEST_2160,0.5874390489035698
TEST_2161,0.3852617749756087
TEST_2162,0.36244253506784874
TEST_2163,0.5434230657920718
TEST_2164,0.4163218541043138
TEST_2165,0.36490167146557384
TEST_2166,0.39997013658478053
TEST_2167,0.5118767699845238
TEST_2168,0.57772185415235
TEST_2169,0.23074351537931495
TEST_2170,0.3959813621629198
TEST_2171,0.3281959650961962
TEST_2172,0.35663954621545463
TEST_2173,0.6538433817974392
TEST_2174,0.46510768429811006
TEST_2175,0.6369501785933002
TEST_2176,0.5678731995632086
TEST_2177,0.469446533384103
TEST_2178,0.5228793492756009
TEST_2179,0.5756308406610254
TEST_2180,0.48490494207843127
TEST_2181,0.4087117301841172
TEST_2182,0.45887691125811464
TEST_2183,0.3385414073331431
TEST_2184,0.364531940344971
TEST_2185,0.703846639701341
TEST_2186,0.4010400718420638
TEST_2187,0.5119343291234915
TEST_2188,0.6905399119867582
TEST_2189,0.45466154780982637
TEST_2190,0.46141407308729493
TEST_2191,0.7244090875421287
TEST_2192,0.509454952940491
TEST_2193,0.40896119676345977
TEST_2194,0.3023246102951947
TEST_2195,0.644249981995414
TEST_2196,0.5739447431012815
TEST_2197,0.3522497349362104
TEST_2198,0.4694097205863529
TEST_2199,0.48503187758294364
TEST_2200,0.5924884208692982
TEST_2201,0.6436041590473132
TEST_2202,0.7505877908767739
TEST_2203,0.5554981965524952
TEST_2204,0.47039364647490417
TEST_2205,0.5733165345088175
TEST_2206,0.4826731989476647
TEST_2207,0.5974408758663772
TEST_2208,0.5738690989478401
TEST_2209,0.6190332822089188
TEST_2210,0.47793705916946816
TEST_2211,0.362166925055864
TEST_2212,0.6855373138609271
TEST_2213,0.604062440533301
TEST_2214,0.4363556750462999
TEST_2215,0.516885938818465
TEST_2216,0.5702744970476572
TEST_2217,0.3656862875054723
TEST_2218,0.4885334542187528
TEST_2219,0.5120667165440017
TEST_2220,0.3725301410022982
TEST_2221,0.6324735726948122
TEST_2222,0.5870139610504829
TEST_2223,0.4655556223926002
TEST_2224,0.628081578907318
TEST_2225,0.44789257687383144
TEST_2226,0.46224197455663246
TEST_2227,0.3962872275077106
TEST_2228,0.6530672828890224
TEST_2229,0.497216635038164
TEST_2230,0.4153440155455481
TEST_2231,0.5057317260709472
TEST_2232,0.3517345867544388
TEST_2233,0.35559657831406627
TEST_2234,0.4719663223260402
TEST_2235,0.6140082141776179
TEST_2236,0.3829825131663377
TEST_2237,0.47224042810973893
TEST_2238,0.43381728840121914
TEST_2239,0.40781620603952334
TEST_2240,0.4095052003752231
TEST_2241,0.5041547342216901
TEST_2242,0.5440839171711193
TEST_2243,0.4739881259773125
TEST_2244,0.426746142241629
TEST_2245,0.4060668954416048
TEST_2246,0.3366663025915196
TEST_2247,0.3777646177785652
TEST_2248,0.36960051615935086
TEST_2249,0.6069528822429956
TEST_2250,0.4503695352939109
TEST_2251,0.5470227939685745
TEST_2252,0.5256002907851155
TEST_2253,0.5674533802957064
TEST_2254,0.47051286076198173
TEST_2255,0.46020518640790053
TEST_2256,0.3444737714668905
TEST_2257,0.5146203793312569
TEST_2258,0.5075864295166932
TEST_2259,0.6907416022135826
TEST_2260,0.536767311992884
TEST_2261,0.6654985700313953
TEST_2262,0.3926339851881576
TEST_2263,0.22638515597269532
TEST_2264,0.6467081065140357
TEST_2265,0.44689880295748496
TEST_2266,0.4866371817065538
TEST_2267,0.5900918975242325
TEST_2268,0.2530183679667273
TEST_2269,0.5199897487629377
TEST_2270,0.5261317693620785
TEST_2271,0.5147250019505294
TEST_2272,0.591509999495764
TEST_2273,0.38875266092028504
TEST_2274,0.4605556431019227
TEST_2275,0.4908299383284533
TEST_2276,0.4165424389931512
TEST_2277,0.45354074413530354
TEST_2278,0.35832575756480783
TEST_2279,0.4784101523988195
TEST_2280,0.44022193358892525
TEST_2281,0.26894223092478514
TEST_2282,0.6695690035516054
TEST_2283,0.5459692580815575
TEST_2284,0.3243110394687726
TEST_2285,0.5880547749733488
TEST_2286,0.4190975934234124
TEST_2287,0.4909871482685684
TEST_2288,0.4209534840630712
TEST_2289,0.5194372987483703
TEST_2290,0.5198084861782275
TEST_2291,0.5333154166425363
TEST_2292,0.4079793749841057
TEST_2293,0.5086750988573397
TEST_2294,0.5568603236569746
TEST_2295,0.5712399026709272
TEST_2296,0.35081706931787426
TEST_2297,0.6100654417879543
TEST_2298,0.526500408223512
TEST_2299,0.3981164263469741
TEST_2300,0.4402876110355525
TEST_2301,0.4867152457812626
TEST_2302,0.6317290819800779
TEST_2303,0.47067118326360147
TEST_2304,0.4507930316659197
TEST_2305,0.3107638092497709
TEST_2306,0.7372702411900559
TEST_2307,0.4723520899556625
TEST_2308,0.5332706559825154
TEST_2309,0.5119492421842432
TEST_2310,0.3198062654334986
TEST_2311,0.6767925952655938
TEST_2312,0.5679592310020949
TEST_2313,0.5621776113837001
TEST_2314,0.6705345753066592
TEST_2315,0.49743494374741415
TEST_2316,0.5330402054316175
TEST_2317,0.4891744381719106
TEST_2318,0.43455846968297596
TEST_2319,0.43032733464947015
TEST_2320,0.5168935796741992
TEST_2321,0.5053289399966016
TEST_2322,0.4750267880522495
TEST_2323,0.404597550068693
TEST_2324,0.4329827370955302
TEST_2325,0.345393654576667
TEST_2326,0.6273343340644978
TEST_2327,0.4601596509925683
TEST_2328,0.4395172647935126
TEST_2329,0.571794636084315
TEST_2330,0.49041956219297905
TEST_2331,0.43287528448394613
TEST_2332,0.5174916698572882
TEST_2333,0.541943632290988
TEST_2334,0.5171614502956772
TEST_2335,0.4526116445638405
TEST_2336,0.4142271760306649
TEST_2337,0.4432049693714073
TEST_2338,0.3995556114210857
TEST_2339,0.4054715971558541
TEST_2340,0.321423342121422
TEST_2341,0.5428360474390901
TEST_2342,0.5691877786669737
TEST_2343,0.49720404207050684
TEST_2344,0.44866066983947034
TEST_2345,0.2727172798072954
TEST_2346,0.4046177986475048
TEST_2347,0.30979844517253685
TEST_2348,0.35632399501828615
TEST_2349,0.559949880925802
TEST_2350,0.4245294260759726
TEST_2351,0.6797911452173271
TEST_2352,0.541219494689365
TEST_2353,0.3875610384495742
TEST_2354,0.500582925614268
TEST_2355,0.5592040870207678
TEST_2356,0.47829507854943465
TEST_2357,0.4975431703435654
TEST_2358,0.463550011510996
TEST_2359,0.38194122776087924
TEST_2360,0.5672893152789299
TEST_2361,0.4208004979976063
TEST_2362,0.6759058062398535
TEST_2363,0.690467549825559
TEST_2364,0.35212458615706654
TEST_2365,0.5873525791387463
TEST_2366,0.4585929719179528
TEST_2367,0.5420956352688254
TEST_2368,0.5012285054719624
TEST_2369,0.41488428343526984
TEST_2370,0.5436248869580741
TEST_2371,0.495797780200791
TEST_2372,0.3383786445201701
TEST_2373,0.24106083707779496
TEST_2374,0.5399675412114269
TEST_2375,0.5683560649070829
TEST_2376,0.6555445264077921
TEST_2377,0.4960893598346279
TEST_2378,0.34442279180148494
TEST_2379,0.4561589446436256
TEST_2380,0.5471943964230827
TEST_2381,0.44650677043688425
TEST_2382,0.41383472933393306
TEST_2383,0.614239301696318
TEST_2384,0.4344586323979475
TEST_2385,0.4514653504244599
TEST_2386,0.41742099126020954
TEST_2387,0.6338516294006011
TEST_2388,0.44484125096822436
TEST_2389,0.5406131388481202
TEST_2390,0.4008427165082254
TEST_2391,0.4649236496909083
TEST_2392,0.5921669505075591
TEST_2393,0.44194432687116536
TEST_2394,0.5543685002897559
TEST_2395,0.40303552480848187
TEST_2396,0.46207624170666173
TEST_2397,0.3984029555320797
TEST_2398,0.5164509430512639
TEST_2399,0.43348473155867595
TEST_2400,0.4041365531271011
TEST_2401,0.1658633623766954
TEST_2402,0.45071805511640806
TEST_2403,0.4353090128481958
TEST_2404,0.4655184455258214
TEST_2405,0.554596928386123
TEST_2406,0.5542426710312908
TEST_2407,0.41934664806517596
TEST_2408,0.5339997172643088
TEST_2409,0.2836921713708984
TEST_2410,0.410558178779078
TEST_2411,0.48365349166709404
TEST_2412,0.5630314743151614
TEST_2413,0.4086799711325262
TEST_2414,0.4086951844019225
TEST_2415,0.4533551288246075
TEST_2416,0.48119342532204606
TEST_2417,0.5850383436619934
TEST_2418,0.42755751668826947
TEST_2419,0.37867597042469336
TEST_2420,0.6768342976873205
TEST_2421,0.5665369248189331
TEST_2422,0.4842745225840487
TEST_2423,0.8121755404021853
TEST_2424,0.3890468671845678
TEST_2425,0.4954190497124531
TEST_2426,0.3530450720432672
TEST_2427,0.4131583021718332
TEST_2428,0.6947574383973573
TEST_2429,0.636145362040341
TEST_2430,0.29842526419417537
TEST_2431,0.3956547454938365
TEST_2432,0.505012053340016
TEST_2433,0.3007083506643119
TEST_2434,0.5583663030471027
TEST_2435,0.43297980629213645
TEST_2436,0.38922964897383255
TEST_2437,0.6448774525282035
TEST_2438,0.6501646225696176
TEST_2439,0.3183062349001524
TEST_2440,0.3985627454579383
TEST_2441,0.41374175819796843
TEST_2442,0.42603493066676634
TEST_2443,0.3888460337355337
TEST_2444,0.43585877421466723
TEST_2445,0.295314152038749
TEST_2446,0.6323443214001735
TEST_2447,0.6418253577212418
TEST_2448,0.519884032882874
TEST_2449,0.5532779652785393
TEST_2450,0.38093131015642523
TEST_2451,0.511883339234979
TEST_2452,0.3304890445248
TEST_2453,0.3282352267967686
TEST_2454,0.3957922941762434
TEST_2455,0.47862438653117667
TEST_2456,0.4732834890610126
TEST_2457,0.4045939424785896
TEST_2458,0.40107976971214354
TEST_2459,0.3992739666767713
TEST_2460,0.6445484914102295
TEST_2461,0.4927547658120918
TEST_2462,0.6377048449619981
TEST_2463,0.5407601744978454
TEST_2464,0.4111662993792986
TEST_2465,0.4226497625776936
TEST_2466,0.5974567639268202
TEST_2467,0.4152140598437436
TEST_2468,0.3268651218301052
TEST_2469,0.4611045515750132
TEST_2470,0.36144747192427124
TEST_2471,0.5353805831600499
TEST_2472,0.5058893168440282
TEST_2473,0.9461581873539375
TEST_2474,0.6784486456243084
TEST_2475,0.6445484914102295
TEST_2476,0.6515043453895286
TEST_2477,0.6064659198536158
TEST_2478,0.44762711482863426
TEST_2479,0.4401720764396218
TEST_2480,0.37816352875562814
TEST_2481,0.4857308139351074
TEST_2482,0.469891800051325
TEST_2483,0.5412798948832022
TEST_2484,0.5536635888259501
TEST_2485,0.6603078067016314
TEST_2486,0.44776527595419846
TEST_2487,0.32826140393740727
TEST_2488,0.5935177396688898
TEST_2489,0.48860410204838883
TEST_2490,0.5183042214875739
TEST_2491,0.5054995666049902
TEST_2492,0.3209478845671204
TEST_2493,0.5152706132333594
TEST_2494,0.5242282053367701
TEST_2495,0.5738648637127229
TEST_2496,0.7188774254122988
TEST_2497,0.4483336286273099
TEST_2498,0.7092587178564407
TEST_2499,0.7029900938080593
TEST_2500,0.4270722573220579
TEST_2501,0.5741849021429204
TEST_2502,0.5458153490526791
TEST_2503,0.33359484533313144
TEST_2504,0.20818046750525154
TEST_2505,0.5222397534579883
TEST_2506,0.46906163657311384
TEST_2507,0.4092300722452343
TEST_2508,0.4845474051093598
TEST_2509,0.24182830892563506
TEST_2510,0.5836795786675817
TEST_2511,0.3857863678501894
TEST_2512,0.5078588650496529
TEST_2513,0.6276787612837715
TEST_2514,0.47412438281521924
TEST_2515,0.5615476660787706
TEST_2516,0.6458662445491103
TEST_2517,0.5168061556457545
TEST_2518,0.5212314228106706
TEST_2519,0.8244744895805012
TEST_2520,0.408927208890445
TEST_2521,0.6010443593113522
TEST_2522,0.3953316064685891
TEST_2523,0.4797089890650592
TEST_2524,0.45640486356363785
TEST_2525,0.5342048874315329
TEST_2526,0.37213118484742047
TEST_2527,0.39812564681127804
TEST_2528,0.4189325946109785
TEST_2529,0.5657043466522522
TEST_2530,0.6881201627858726
TEST_2531,0.3915447971883236
TEST_2532,0.56186386734001
TEST_2533,0.5968086794577185
TEST_2534,0.340714263193169
TEST_2535,0.6598519269669859
TEST_2536,0.38911703627913596
TEST_2537,0.5520998655607058
TEST_2538,0.36776148821669663
TEST_2539,0.5162720121975528
TEST_2540,0.36264386006289323
TEST_2541,0.5245604191769621
TEST_2542,0.4658216370992968
TEST_2543,0.3696080307815339
TEST_2544,0.4235320498268691
TEST_2545,0.6745561831486876
TEST_2546,0.361977596448283
TEST_2547,0.6000076266630171
TEST_2548,0.5183697910625503
TEST_2549,0.6204694367439134
TEST_2550,0.44870332985827777
TEST_2551,0.4545952400528288
TEST_2552,0.6831554447092302
TEST_2553,0.3995030018232184
TEST_2554,0.43673271602267455
TEST_2555,0.4983684494056111
TEST_2556,0.48956011471155547
TEST_2557,0.42742762995924405
TEST_2558,0.6368365212513929
TEST_2559,0.41191404996146147
TEST_2560,0.2946691571666217
TEST_2561,0.6157581369142145
TEST_2562,0.36880178190146307
TEST_2563,0.49869875192138713
TEST_2564,0.37094783677606535
TEST_2565,0.567267078408219
TEST_2566,0.5386375297120309
TEST_2567,0.961378217014333
TEST_2568,0.468064896429144
TEST_2569,0.5093344848294747
TEST_2570,0.4208522878136375
TEST_2571,0.4610905744576712
TEST_2572,0.5574664320570594
TEST_2573,0.20341241962729456
TEST_2574,0.42438291776770176
TEST_2575,0.4418658643427195
TEST_2576,0.23385922563359024
TEST_2577,0.4214169754089553
TEST_2578,0.4112171078570135
TEST_2579,0.5149417633872908
TEST_2580,0.8035228874725882
TEST_2581,0.39925611168677616
TEST_2582,0.5027749561399641
TEST_2583,0.4430954054773354
TEST_2584,0.3188412404085589
TEST_2585,0.4109966626333744
TEST_2586,0.39265059547385206
TEST_2587,0.5766200230293451
TEST_2588,0.5068157248922923
TEST_2589,0.4436684324205932
TEST_2590,0.5680982377082305
TEST_2591,0.3311079818859549
TEST_2592,0.34471959641811856
TEST_2593,0.3349698814050981
TEST_2594,0.46538906168450045
TEST_2595,0.5274786157776971
TEST_2596,0.4329016553386035
TEST_2597,0.5471147791000119
TEST_2598,0.3885865481265671
TEST_2599,0.41229304118001475
TEST_2600,0.5243771959283875
TEST_2601,0.2789839779312148
TEST_2602,0.5447892344925553
TEST_2603,0.49516111700631665
TEST_2604,0.33210319705993124
TEST_2605,0.6280839095834838
TEST_2606,0.3401720638473097
TEST_2607,0.5128566478154761
TEST_2608,0.7050981660172462
TEST_2609,0.5523212063865104
TEST_2610,0.5563404110584595
TEST_2611,0.4983775646291682
TEST_2612,0.512317214724102
TEST_2613,0.44784635617849944
TEST_2614,0.5215133706354873
TEST_2615,0.4461323545700853
TEST_2616,0.6536695450776644
TEST_2617,0.4870830475394594
TEST_2618,0.5347663245767349
TEST_2619,0.5797263731458446
TEST_2620,0.5829141724049305
TEST_2621,0.44656489203657734
TEST_2622,0.48908600754340187
TEST_2623,0.45146373867527223
TEST_2624,0.41928345177540916
TEST_2625,0.5806498074861637
TEST_2626,0.38188672341174534
TEST_2627,0.3862496085511661
TEST_2628,0.45907407887673807
TEST_2629,0.4327245459345081
TEST_2630,0.49759345206063166
TEST_2631,0.3611729455168801
TEST_2632,0.6661853022361389
TEST_2633,0.4356426428583873
TEST_2634,0.55293736580031
TEST_2635,0.3485178213766576
TEST_2636,0.5105904218513921
TEST_2637,0.45221690648158297
TEST_2638,0.42646612345590196
TEST_2639,0.3562598349424262
TEST_2640,0.3496528533209241
TEST_2641,0.5422530344798585
TEST_2642,0.4797812060968987
TEST_2643,0.5459156297826044
TEST_2644,0.34086813952752676
TEST_2645,0.5224904053527913
TEST_2646,0.4554907381727106
TEST_2647,0.3822594315547757
TEST_2648,0.46529806930216555
TEST_2649,0.4771482253244707
TEST_2650,0.4907293486712725
TEST_2651,0.4997007609708085
TEST_2652,0.5830161724759066
TEST_2653,0.37579201442498034
TEST_2654,0.4320472406025859
TEST_2655,0.47552434403951016
TEST_2656,0.35739531353099097
TEST_2657,0.42742072736039827
TEST_2658,0.39600290046388426
TEST_2659,0.5743068299261339
TEST_2660,0.4391048992271721
TEST_2661,0.6574401121201965
TEST_2662,0.6264620224003714
TEST_2663,0.5984190719957531
TEST_2664,0.7072498753781656
TEST_2665,0.48107824110795905
TEST_2666,0.4367862242022469
TEST_2667,0.6050327606640241
TEST_2668,0.414270508526697
TEST_2669,0.5228472502771848
TEST_2670,0.5003326965857225
TEST_2671,0.6832697828208292
TEST_2672,0.7860450581749464
TEST_2673,0.30995460385114637
TEST_2674,0.4808282361026046
TEST_2675,0.3229405667539599
TEST_2676,0.5341193931845365
TEST_2677,0.46113458507029764
TEST_2678,0.5275644519112231
TEST_2679,0.46400335512915414
TEST_2680,0.6063098593481137
TEST_2681,0.4763425111088345
TEST_2682,0.4318750543501212
TEST_2683,0.34790515078902395
TEST_2684,0.4056987198049494
TEST_2685,0.6826915707360276
TEST_2686,0.34500325904857276
TEST_2687,0.6735774919812703
TEST_2688,0.6956919503103605
TEST_2689,0.42492299944539336
TEST_2690,0.4743218377058701
TEST_2691,0.6168639414309055
TEST_2692,0.48367555781810817
TEST_2693,0.5266083934151655
TEST_2694,0.31036273099410333
TEST_2695,0.3997937334472517
TEST_2696,0.6759698399577864
TEST_2697,0.5842254922963783
TEST_2698,0.24983396110597003
TEST_2699,0.4773117917866939
TEST_2700,0.334160061093569
TEST_2701,0.663376732246895
TEST_2702,0.47100907878160997
TEST_2703,0.4547740038469515
TEST_2704,0.5386208644979577
TEST_2705,0.5172336079290889
TEST_2706,0.6282477869733036
TEST_2707,0.6260009599898907
TEST_2708,0.5352677567702109
TEST_2709,0.46021634629846603
TEST_2710,0.4241674410894347
TEST_2711,0.6551726830558927
TEST_2712,0.45959489015905
TEST_2713,0.4369038980547518
TEST_2714,0.5049636808576896
TEST_2715,0.6183465007391223
TEST_2716,0.4379619722822941
TEST_2717,0.3147811933215905
TEST_2718,0.6357057926208757
TEST_2719,0.5514486049692118
TEST_2720,0.5327853210351431
TEST_2721,0.5151494186487556
TEST_2722,0.4064998633214363
TEST_2723,0.6168970378985033
TEST_2724,0.5420218052189998
TEST_2725,0.41261489034171095
TEST_2726,0.5502803415978479
TEST_2727,0.6181189045972642
TEST_2728,0.2737162223453525
TEST_2729,0.6665970930044917
TEST_2730,0.4362854645409343
TEST_2731,0.5697193822255224
TEST_2732,0.5541379600719784
TEST_2733,0.4954866551243104
TEST_2734,0.4621020140758454
TEST_2735,0.5511903675414406
TEST_2736,0.46722856514300287
TEST_2737,0.48733310612503583
TEST_2738,0.48384561375597396
TEST_2739,0.4495240445957062
TEST_2740,0.4244255341403972
TEST_2741,0.2530052692190955
TEST_2742,0.41273054108984913
TEST_2743,0.6569004369536937
TEST_2744,0.5039004389471898
TEST_2745,0.4003095948026269
TEST_2746,0.45159917181711373
TEST_2747,0.5640065071243265
TEST_2748,0.57484691893328
TEST_2749,0.5434424056179726
TEST_2750,0.5117587393470188
TEST_2751,0.42080878365843977
TEST_2752,0.4379102892393974
TEST_2753,0.5211984808123968
TEST_2754,0.38957508356484294
TEST_2755,0.6408723067969855
TEST_2756,0.4009638012506952
TEST_2757,0.31678243958979946
TEST_2758,0.4865401948996207
TEST_2759,0.4734948634071814
TEST_2760,0.46444242545517034
TEST_2761,0.6827208991559701
TEST_2762,0.5947982714415967
TEST_2763,0.3308080390598723
TEST_2764,0.38165921974968353
TEST_2765,0.6675868693197176
TEST_2766,0.44508388347345396
TEST_2767,0.6586613903052108
TEST_2768,0.4141672524730524
TEST_2769,0.5271172134232179
TEST_2770,0.48560664820080923
TEST_2771,0.4952142999599019
TEST_2772,0.39630424174247125
TEST_2773,0.38455821849578287
TEST_2774,0.4685258115652453
TEST_2775,0.3172074532042251
TEST_2776,0.5176181874592176
TEST_2777,0.44887401522436443
TEST_2778,0.3246893803806826
TEST_2779,0.4571120105417846
TEST_2780,0.5600033064473554
TEST_2781,0.4397177217467843
TEST_2782,0.49601136087469255
TEST_2783,0.4466944593751889
TEST_2784,0.618941833799219
TEST_2785,0.6768890501678921
TEST_2786,0.5280865666683161
TEST_2787,0.5116929377434805
TEST_2788,0.37204804602571495
TEST_2789,0.4628410972021747
TEST_2790,0.4438457840078657
TEST_2791,0.46659727275831175
TEST_2792,0.492758373610245
TEST_2793,0.43251777657481466
TEST_2794,0.45362233417550446
TEST_2795,0.5066896739057581
TEST_2796,0.6641002516439873
TEST_2797,0.5473190582399408
TEST_2798,0.5828889218286047
TEST_2799,0.44290366444150503
TEST_2800,0.47977686389699725
TEST_2801,0.28620999844481626
TEST_2802,0.8396329472178907
TEST_2803,0.647172917501351
TEST_2804,0.44545808340457566
TEST_2805,0.5733598637883746
TEST_2806,0.37803668604492413
TEST_2807,0.5151533187230409
TEST_2808,0.5955945236961564
TEST_2809,0.46914697544861594
TEST_2810,0.5770438908025041
TEST_2811,0.5607731124527355
TEST_2812,0.4099495754788931
TEST_2813,0.5739863890049162
TEST_2814,0.6294149766930636
TEST_2815,0.32355578711843413
TEST_2816,0.4971020966042061
TEST_2817,0.49833746505828735
TEST_2818,0.3929988175639497
TEST_2819,0.5057758216203818
TEST_2820,0.5885090661912545
TEST_2821,0.5384420983290223
TEST_2822,0.618386591459724
TEST_2823,0.5031858485702188
TEST_2824,0.571981705520467
TEST_2825,0.4247574510223979
TEST_2826,0.3800990644138424
TEST_2827,0.4454769853913758
TEST_2828,0.756690219547516
TEST_2829,0.48576689344445345
TEST_2830,0.7542161767697858
TEST_2831,0.5494738180268818
TEST_2832,0.39109479169598077
TEST_2833,0.54194232423622
TEST_2834,0.32853851830704006
TEST_2835,0.5006639043213263
TEST_2836,0.5941476111712362
TEST_2837,0.4361728145337179
TEST_2838,0.5737201766666697
TEST_2839,0.6182144916977229
TEST_2840,0.5631000552440887
TEST_2841,0.5037064619213871
TEST_2842,0.47008549300848373
TEST_2843,0.6459273990091943
TEST_2844,0.3948348747503332
TEST_2845,0.43335837301072233
TEST_2846,0.508939144969506
TEST_2847,0.3860193781983947
TEST_2848,0.5622785633988546
TEST_2849,0.6108758522707294
TEST_2850,0.5735898971044835
TEST_2851,0.3882526373419619
TEST_2852,0.5651052343811725
TEST_2853,0.6235540515759146
TEST_2854,0.3859557024559545
TEST_2855,0.3903878666010236
TEST_2856,0.5567860222659592
TEST_2857,0.5066195671281234
TEST_2858,0.38406527722515543
TEST_2859,0.582200905155426
TEST_2860,0.5545886190243872
TEST_2861,0.4050663265099274
TEST_2862,0.5722682726817199
TEST_2863,0.4062037627509195
TEST_2864,0.339815852910311
TEST_2865,0.5820824129590099
TEST_2866,0.5391922073413433
TEST_2867,0.46292193768993806
TEST_2868,0.4470502037652491
TEST_2869,0.5802345663333806
TEST_2870,0.41438100576134973
TEST_2871,0.5764806028982211
TEST_2872,0.37714830606079897
TEST_2873,0.7159059017473737
TEST_2874,0.479390111561165
TEST_2875,0.18158870345200803
TEST_2876,0.4423105029547968
TEST_2877,0.37566235578626545
TEST_2878,0.39402050627697477
TEST_2879,0.46465163647335744
TEST_2880,0.6216769889512959
TEST_2881,0.5662408288164384
TEST_2882,0.5606258157562845
TEST_2883,0.7058652353245285
TEST_2884,0.3915885194941121
TEST_2885,0.5130313576995265
TEST_2886,0.518339959490651
TEST_2887,0.30793680143001856
TEST_2888,0.3705234871420494
TEST_2889,0.4965592386821376
TEST_2890,0.4131715180733484
TEST_2891,0.2875957403155092
TEST_2892,0.3226487258778748
TEST_2893,0.45590969430072803
TEST_2894,0.6365883065657836
TEST_2895,0.4816001328284021
TEST_2896,0.4789364566725179
TEST_2897,0.4630042418321963
TEST_2898,0.5197145031750795
TEST_2899,0.32671220286844505
TEST_2900,0.49480094245137085
TEST_2901,0.3212792004664917
TEST_2902,0.49502498944737217
TEST_2903,0.4254594324725004
TEST_2904,0.36921313449305104
TEST_2905,0.6064888553152133
TEST_2906,0.43376397250864396
TEST_2907,0.22033284665761937
TEST_2908,0.3925190085280003
TEST_2909,0.49677151032275685
TEST_2910,0.40533053102000977
TEST_2911,0.51232099940133
TEST_2912,0.42151224611711346
TEST_2913,0.506605753301632
TEST_2914,0.5484208368003081
TEST_2915,0.726090666675997
TEST_2916,0.5791950243152302
TEST_2917,0.5351099253437069
TEST_2918,0.3908738178680815
TEST_2919,0.60778237075639
TEST_2920,0.437826144302092
TEST_2921,0.6418221933878903
TEST_2922,0.5803621799640238
TEST_2923,0.4134776631199183
TEST_2924,0.3279891264777307
TEST_2925,0.5525943506959295
TEST_2926,0.5143596802237971
TEST_2927,0.6376264531787985
TEST_2928,0.5854494424118393
TEST_2929,0.5332872340675061
TEST_2930,0.456084823963139
TEST_2931,0.5842651193181734
TEST_2932,0.5403095545725334
TEST_2933,0.39499619915106265
TEST_2934,0.4862617935265171
TEST_2935,0.39151231853686375
TEST_2936,0.4692438386948333
TEST_2937,0.3932842221278021
TEST_2938,0.4796548874364111
TEST_2939,0.4656144965759179
TEST_2940,0.4163644375193605
TEST_2941,0.45464975226862026
TEST_2942,0.593588924530263
TEST_2943,0.404279374735081
TEST_2944,0.5557293035822285
TEST_2945,0.5893798033324276
TEST_2946,0.7161424378152705
TEST_2947,0.4920660982692151
TEST_2948,0.4339026862766509
TEST_2949,0.7092322010191265
TEST_2950,0.6187620659630049
TEST_2951,0.6389676112410897
TEST_2952,0.4781817575788278
TEST_2953,0.5292419895988083
TEST_2954,0.5156624661656766
TEST_2955,0.4631053455735358
TEST_2956,0.656513434850727
TEST_2957,0.40184521939772194
TEST_2958,0.49690621841532523
TEST_2959,0.4406481252507533
TEST_2960,0.659274151506866
TEST_2961,0.6347177071928344
TEST_2962,0.553940134395847
TEST_2963,0.5349152706734758
TEST_2964,0.5692975350229942
TEST_2965,0.38751462310748686
TEST_2966,0.5241902307790717
TEST_2967,0.42214348932379997
TEST_2968,0.33137727202611056
TEST_2969,0.49368161182746356
TEST_2970,0.5195629177790154
TEST_2971,0.51509506434927
TEST_2972,0.39605348006057983
TEST_2973,0.41831786034411544
TEST_2974,0.5124374181449879
TEST_2975,0.5349837011443274
TEST_2976,0.5025510670791326
TEST_2977,0.4740239706588395
TEST_2978,0.6515518478454803
TEST_2979,0.6258054024821119
TEST_2980,0.5153396972675546
TEST_2981,0.5048902485841743
TEST_2982,0.5097008880941146
TEST_2983,0.654090000010152
TEST_2984,0.37317008861400813
TEST_2985,0.4863559446441187
TEST_2986,0.5732804461672945
TEST_2987,0.6476931570944149
TEST_2988,0.7464607944467936
TEST_2989,0.4662571659725264
TEST_2990,0.3156014532585646
TEST_2991,0.6291605240308826
TEST_2992,0.48481677948629326
TEST_2993,0.5465033705220941
TEST_2994,0.4173750621806232
TEST_2995,0.5044359972580896
TEST_2996,0.5822142622856179
TEST_2997,0.4990518034495196
TEST_2998,0.6218271643493737
TEST_2999,0.36962469729560665
